positionName,companyShortName,city,salary,salaryMonth,workYear
3D动作设计师（发行美宣）,叠纸游戏,上海,15k-25k,16,3-5年
品牌营销（社群）,叠纸游戏,上海,10k-20k,16,3-5年
视频设计师（广告投放） (MJ000233),叠纸游戏,上海,10k-20k,16,3-5年
游戏广告策划,叠纸游戏,上海,10k-20k,16,3-5年
品牌文案（恋与）,叠纸游戏,上海,15k-25k,16,3-5年
品牌营销策划（闪暖）,叠纸游戏,上海,15k-20k,16,3-5年
品牌营销策划（二次元向）,叠纸游戏,上海,10k-20k,16,3-5年
漫画上色助理,叠纸游戏,上海,8k-10k,16,1-3年
漫画勾线助理,叠纸游戏,上海,8k-10k,16,1-3年
游戏策划,叠纸游戏,上海,15k-25k,16,3-5年
资深U3D开发工程师,叠纸游戏,上海,18k-30k,16,3-5年
3d角色设计师,叠纸游戏,上海,25k-40k,16,3-5年
u3d客户端开发工程师,叠纸游戏,上海,20k-40k,16,5-10年
服务端开发工程师,叠纸游戏,上海,25k-40k,16,5-10年
3d场景地编,叠纸游戏,上海,20k-40k,16,不限
高级游戏ui设计师,叠纸游戏,上海,20k-40k,16,不限
3d特效设计师,叠纸游戏,上海,16k-28k,0,3-5年
资深投放优化师（国内）,叠纸游戏,上海,15k-30k,16,5-10年
国服投放负责人,叠纸游戏,上海,30k-50k,16,5-10年
行政前台 (MJ000314),叠纸游戏,上海,5k-7k,16,不限
系统策划,叠纸游戏,上海,15k-30k,0,不限
资深服务器开发,叠纸游戏,上海,20k-40k,16,3-5年
游戏编剧,叠纸游戏,上海,10k-20k,16,不限
漫画编剧,叠纸游戏,上海,10k-20k,16,不限
资深web前端开发工程师,叠纸游戏,上海,20k-30k,16,5-10年
服务器开发工程师 (MJ000006),叠纸游戏,上海,15k-30k,0,3-5年
平台运维工程师,叠纸游戏,上海,15k-30k,16,3-5年
战斗策划,叠纸游戏,上海,15k-30k,16,3-5年
漫画主笔,叠纸游戏,上海,15k-20k,16,不限
游戏客户端开发工程师,叠纸游戏,上海,25k-35k,16,5-10年
移动开发工程师,叠纸游戏,上海,15k-25k,16,不限
高级后台开发工程师,叠纸游戏,上海,15k-30k,16,3-5年
战斗开发工程师,叠纸游戏,上海,20k-40k,16,3-5年
游戏关卡策划,叠纸游戏,上海,10k-20k,16,1-3年
APM,叠纸游戏,上海,15k-20k,16,1-3年
游戏运维工程师,叠纸游戏,上海,13k-25k,16,3-5年
APM,叠纸游戏,上海,10k-20k,16,1-3年
UI动效设计师,叠纸游戏,上海,10k-20k,16,不限
测试主管 (MJ000670),叠纸游戏,上海,25k-45k,16,3-5年
法务经理（英语） (MJ000857),叠纸游戏,上海,15k-30k,16,3-5年
项目经理,完美世界,上海,15k-22k,0,3-5年
游戏运营经理,完美世界,上海,20k-40k,15,5-10年
游戏测评,完美世界,上海,15k-25k,15,1-3年
新媒体运营,完美世界,上海,15k-30k,15,3-5年
市场高级经理,完美世界,上海,20k-35k,15,5-10年
社区运营,完美世界,上海,15k-20k,16,3-5年
内容运营,完美世界,上海,15k-20k,15,3-5年
市场专员,完美世界,上海,10k-15k,0,1-3年
用户运营,完美世界,上海,15k-20k,0,3-5年
软件测试工程师,完美世界,北京,15k-25k,15,3-5年
高级Java开发工程师,完美世界,北京,25k-50k,15,5-10年
高级iOS开发工程师,完美世界,北京,20k-40k,15,3-5年
高级Android开发工程师,完美世界,北京,20k-40k,15,3-5年
数据库运维开发工程师(DBA),完美世界,北京,25k-50k,15,3-5年
高级U3D开发工程师,完美世界,北京,20k-40k,0,3-5年
高级数据分析师,完美世界,北京,20k-40k,15,3-5年
语音识别算法工程师,完美世界,北京,30k-60k,15,3-5年
u3d客户端主程,完美世界,北京,25k-40k,15,5-10年
Cocos Creator工程师,完美世界,北京,20k-40k,15,3-5年
高级前端开发工程师,完美世界,北京,20k-40k,15,3-5年
高级golang开发工程师,完美世界,北京,25k-50k,15,3-5年
cocos2d-x开发工程师,完美世界,北京,20k-40k,0,1-3年
资深前端开发工程师,完美世界,北京,20k-40k,0,3-5年
高级iOS研发工程师,完美世界,北京,20k-40k,0,3-5年
直播产品经理,完美世界,北京,15k-30k,14,3-5年
主美岗位,完美世界,北京,30k-40k,14,5-10年
战斗策划,完美世界,北京,15k-30k,14,3-5年
C++游戏服务器端开发工程师,完美世界,北京,20k-40k,14,3-5年
高级/资深3D动作设计师,完美世界,北京,20k-40k,14,不限
Unity3D客户端开发工程师,完美世界,北京,20k-30k,14,3-5年
产品运营（海外单机游戏）,完美世界,北京,14k-28k,14,3-5年
游戏剧情策划-古风仙侠,完美世界,北京,15k-25k,14,3-5年
高级3D动作设计师（主机游戏）,完美世界,北京,25k-50k,0,3-5年
人力数据分析咨询顾问,完美世界,北京,20k-40k,14,5-10年
战略投资（toC 大消费/教育/TMT）,完美世界,北京,20k-40k,0,不限
IT审计专家,完美世界,北京,16k-32k,0,3-5年
薪酬绩效资深顾问,完美世界,北京,25k-50k,0,5-10年
产品运营,完美世界,北京,20k-30k,0,3-5年
设计,完美世界,北京,13k-26k,14,1-3年
测试工程师（三项）,完美世界,北京,10k-15k,0,1-3年
游戏ui设计师,完美世界,北京,10k-20k,0,3-5年
原画设计师（场景\角色）,完美世界,北京,15k-25k,0,3-5年
高级android开发工程师,完美世界,北京,20k-40k,15,3-5年
PMO（教育业务）,完美世界,北京,30k-55k,15,5-10年
Cocos Creator工程师,完美世界,北京,20k-40k,0,3-5年
儿童教育产品经理,完美世界,北京,25k-35k,0,3-5年
营销产品运营（教育业务）,完美世界,北京,14k-28k,14,3-5年
战略分析,完美世界,北京,25k-50k,15,3-5年
高级数据库工程师,完美世界,北京,20k-40k,0,不限
数据分析,完美世界,北京,20k-30k,0,不限
游戏客服,完美世界,北京,5k-8k,0,不限
大数据开发工程师,完美世界,北京,20k-40k,15,3-5年
高级Android开发工程师,完美世界,北京,30k-50k,0,5-10年
编剧,完美世界,北京,20k-40k,0,3-5年
高级系统策划,完美世界,深圳,15k-25k,14,3-5年
游戏市场营销策划,完美世界,北京,13k-26k,16,1-3年
游戏市场文案,完美世界,北京,13k-26k,16,1-3年
3D动作设计师—天智游工作室,完美世界,成都,10k-20k,0,3-5年
关卡策划,完美世界,成都,15k-30k,0,3-5年
游戏测试师--天智游工作室,完美世界,成都,6k-12k,0,3-5年
初级-3D游戏动作设计师,完美世界,重庆,4k-8k,0,1-3年
次世代场景讲师,完美世界,成都,8k-10k,13,1-3年
游戏编剧—天智游工作室,完美世界,成都,10k-20k,0,不限
高级软件开发工程师—天智游工作室,完美世界,成都,15k-25k,0,1-3年
游戏数据运营—天智游工作室,完美世界,成都,5k-7k,0,不限
3D特效组长,完美世界,成都,20k-35k,0,不限
游戏活动运营,完美世界,成都,8k-15k,0,3-5年
产品运营主管（经理）,完美世界,成都,15k-25k,0,3-5年
视频后期制作（UE4）,完美世界,成都,7k-12k,0,1-3年
Java开发工程师,完美世界,北京,15k-30k,0,1-3年
2D场景设计师,完美世界,北京,15k-30k,0,不限
高级前端开发工程师—天智游工作室,完美世界,成都,15k-25k,0,3-5年
次世代场景设计师,完美世界,重庆,5k-8k,0,1-3年
次世代角色设计师,完美世界,重庆,5k-8k,0,1-3年
次世代制作实习生,完美世界,重庆,2k-3k,0,不限
次世代角色设计师组长,完美世界,重庆,8k-15k,0,3-5年
自媒体运营专员—天智游工作室,完美世界,成都,8k-15k,0,不限
写实类角色原画师,完美世界,重庆,5k-8k,0,1-3年
3D游戏动作设计实习生,完美世界,重庆,2k-3k,0,不限
主策划—天智游工作室,完美世界,成都,15k-25k,0,不限
游戏GUI设计师—天智游工作室,完美世界,成都,25k-35k,0,不限
数值策划—天智游工作室,完美世界,成都,15k-30k,0,不限
次世代场景设计师组长,完美世界,重庆,8k-15k,0,3-5年
3D手绘角色美术设计师,完美世界,重庆,4k-8k,0,1-3年
海外产品运营经理,完美世界,北京,20k-30k,14,3-5年
海外产品广告素材经理,完美世界,北京,20k-40k,14,5-10年
有声内容运营,完美世界,北京,15k-25k,14,1-3年
海外市场经理（游戏）,完美世界,北京,20k-35k,14,5-10年
用户研究员,完美世界,北京,20k-30k,0,3-5年
资深用户研究员,完美世界,北京,25k-35k,13,5-10年
ui设计师（教育产品）,完美世界,北京,15k-30k,0,5-10年
场景原画（古风神话卡牌）,完美世界,北京,20k-40k,15,3-5年
角色原画,完美世界,上海,20k-40k,0,不限
服务器开发-高级/资深,完美世界,上海,20k-40k,0,不限
游戏动作设计师,完美世界,上海,20k-40k,0,3-5年
游戏特效设计师,完美世界,上海,20k-30k,0,3-5年
数值策划,完美世界,上海,20k-40k,0,不限
游戏UE设计师,完美世界,上海,20k-40k,0,不限
游戏测试工程师,完美世界,北京,15k-30k,0,3-5年
3d设计师,完美世界,北京,20k-40k,0,3-5年
游戏项目经理,完美世界,北京,15k-20k,0,3-5年
U3D地编,完美世界,北京,20k-35k,0,3-5年
游戏系统策划,完美世界,北京,15k-30k,0,3-5年
数据分析师（游戏）,完美世界,北京,13k-26k,14,1-3年
图形优化专家,完美世界,上海,30k-50k,0,5-10年
过场动画设计师,完美世界,上海,15k-20k,0,3-5年
资深特效设计师,完美世界,上海,20k-30k,0,3-5年
3d动作设计师,完美世界,上海,20k-40k,14,3-5年
关卡策划,完美世界,深圳,12k-24k,14,不限
剧情策划,完美世界,深圳,15k-25k,14,3-5年
u3d开发工程师,完美世界,深圳,15k-30k,14,3-5年
高级场景原画,完美世界,深圳,15k-20k,14,3-5年
3d角色模型师,完美世界,深圳,15k-30k,14,3-5年
资深剧情策划-三项,完美世界,北京,15k-30k,14,5-10年
资深数值策划-经济向（三项）,完美世界,北京,15k-30k,14,3-5年
游戏活动运营（三项）,完美世界,北京,15k-30k,14,不限
游戏UI/场景原画/角色原画/,完美世界,北京,18k-35k,0,3-5年
3D动作/3D特效/3D场景模型/3D地编师,完美世界,北京,15k-30k,15,3-5年
战斗策划-三项,完美世界,北京,15k-30k,14,3-5年
客户端开发,完美世界,北京,20k-40k,0,3-5年
游戏数据分析师,完美世界,北京,13k-23k,14,3-5年
UI设计师,完美世界,北京,15k-20k,0,3-5年
校企合作经理,完美世界,福州,10k-15k,0,5-10年
视觉设计师,完美世界,北京,15k-20k,0,3-5年
游戏特效讲师,完美世界,北京,15k-25k,0,3-5年
游戏特效讲师,完美世界,北京,15k-25k,0,不限
产品运营（活动运营方向）,完美世界,北京,20k-40k,0,3-5年
产品运营（流量运营）,完美世界,北京,20k-40k,0,3-5年
产品运营（商业化运营）,完美世界,北京,20k-40k,0,3-5年
技术美术（TA）,完美世界,北京,15k-30k,0,1-3年
创意设计组长,完美世界,上海,25k-35k,14,5-10年
资深创意设计师,完美世界,上海,20k-35k,14,5-10年
游戏营销策划,完美世界,北京,20k-30k,14,3-5年
教育产品经理,完美世界,北京,30k-50k,0,5-10年
系统策划,完美世界,北京,15k-30k,15,3-5年
场景原画-端游,完美世界,北京,20k-40k,15,3-5年
关卡策划,完美世界,北京,15k-30k,15,3-5年
Unity引擎开发工程师,完美世界,北京,15k-30k,15,3-5年
C++游戏服务器,完美世界,北京,25k-35k,0,5-10年
U3D游戏开发工程师,完美世界,北京,20k-40k,0,5-10年
角色原画,完美世界,北京,20k-40k,0,5-10年
游戏数值策划,完美世界,北京,15k-30k,13,1-3年
教学产品经理-CMS,完美世界,北京,20k-40k,0,5-10年
客户端开发工程师（三项）,完美世界,北京,25k-50k,0,3-5年
服务器开发工程师（三项）,完美世界,北京,30k-50k,0,3-5年
次时代3D场景/角色（三项）,完美世界,北京,25k-35k,0,3-5年
战斗策划（三项）,完美世界,北京,20k-25k,14,3-5年
c++服务器开发工程师,完美世界,北京,25k-40k,0,3-5年
财务BP,完美世界,北京,10k-13k,14,1-3年
大数据开发工程师,完美世界,北京,25k-45k,15,3-5年
java服务器开发工程师,完美世界,北京,20k-40k,15,3-5年
角色原画师,完美世界,北京,20k-40k,15,3-5年
儿童游戏策划,完美世界,北京,20k-30k,0,5-10年
服务器开发工程师,完美世界,北京,18k-35k,14,3-5年
u3d客户端,完美世界,北京,18k-35k,15,3-5年
测试,完美世界,北京,15k-30k,0,3-5年
产品运营（用户增长）,完美世界,北京,20k-35k,0,3-5年
前端工程师,完美世界,北京,15k-30k,0,1-3年
高级3D动作设计师,完美世界,北京,20k-40k,0,3-5年
高级U3D客户端开发工程师,完美世界,北京,25k-40k,0,3-5年
产品经理,完美世界,北京,20k-35k,0,1-3年
3D动作设计师,完美世界,北京,20k-25k,0,1-3年
产品运营,完美世界,北京,15k-30k,0,3-5年
渠道投放运营,完美世界,北京,15k-30k,0,3-5年
资深系统策划,完美世界,北京,15k-30k,0,3-5年
引擎专家,完美世界,北京,30k-50k,0,5-10年
资深前端工程师,完美世界,北京,25k-40k,0,3-5年
高级/资深用户运营（增长方向）,完美世界,北京,20k-40k,0,3-5年
高级3D动作设计师,完美世界,北京,20k-40k,0,3-5年
HRBP实习生,完美世界,北京,3k-4k,0,1年以下
高级/资深3D角色设计师,完美世界,北京,20k-35k,0,3-5年
服务器开发工程师,完美世界,北京,25k-30k,0,1-3年
高级产品经理（社交）,完美世界,北京,20k-40k,0,3-5年
产品运营专员,完美世界,北京,20k-25k,0,3-5年
3D场景模型设计师,完美世界,北京,15k-25k,0,3-5年
3D角色模型设计师,完美世界,北京,15k-25k,0,3-5年
Unity3D客户端开发工程师,完美世界,北京,20k-30k,0,3-5年
项目经理PMO,完美世界,北京,20k-40k,0,3-5年
社区产品经理,完美世界,北京,20k-40k,0,3-5年
测试工程师,完美世界,北京,15k-30k,0,3-5年
线上销售顾问,完美世界,北京,10k-15k,0,1-3年
资深技术美术师TA,完美世界,上海,25k-50k,14,3-5年
资深场景概念设计师,完美世界,上海,20k-40k,14,3-5年
分镜师,完美世界,上海,15k-30k,14,3-5年
3D地编,完美世界,上海,15k-30k,14,3-5年
游戏引擎开发工程师,完美世界,上海,30k-60k,14,3-5年
游戏交互设计师UE,完美世界,上海,20k-40k,14,3-5年
用户研究工程师,完美世界,北京,13k-26k,14,不限
运营策划（射击类游戏）,完美世界,上海,15k-20k,0,3-5年
系统运维工程师,完美世界,上海,20k-30k,0,3-5年
游戏创作平台产品经理（游戏编辑器）,完美世界,上海,25k-30k,0,3-5年
高级游戏编辑器开发,完美世界,上海,25k-35k,0,3-5年
交互设计师,完美世界,上海,20k-30k,0,3-5年
高级前端开发工程师,完美世界,上海,20k-35k,0,3-5年
电竞网络工程师,完美世界,上海,25k-35k,0,3-5年
c++开发工程师,完美世界,上海,20k-35k,15,3-5年
Java开发工程师（数据平台方向）,完美世界,北京,25k-30k,0,5-10年
3D动作师/动画师,完美世界,上海,10k-20k,14,3-5年
游戏版本运营,完美世界,北京,15k-30k,0,1-3年
游戏产品社区运营,完美世界,北京,15k-30k,0,1-3年
Unity双端开发 C++ C#,完美世界,北京,30k-60k,0,3-5年
游戏资源策划,完美世界,北京,15k-25k,0,3-5年
体育、电竞、游戏运营实习生,完美世界,北京,3k-4k,0,不限
游戏开发工程师（typescript）,完美世界,北京,20k-40k,16,不限
动画分镜师,完美世界,上海,10k-20k,14,3-5年
U3D特效师,完美世界,上海,15k-25k,14,3-5年
高级3D场景模型设计师,完美世界,北京,20k-30k,0,5-10年
游戏特效（二次元特效）,完美世界,北京,15k-30k,14,不限
3D角色设计师（二次元）,完美世界,北京,15k-30k,0,不限
原画设计师（角色/场景）,完美世界,北京,10k-20k,0,不限
2D角色原画设计师,完美世界,北京,20k-40k,0,3-5年
资源策划,完美世界,北京,15k-25k,0,1-3年
U3D游戏特效,完美世界,北京,12k-24k,0,3-5年
测试工程师,完美世界,北京,8k-15k,0,1-3年
招聘经理,完美世界,北京,15k-30k,0,不限
AE特效设计师,三七互娱,武汉,8k-15k,0,不限
AE/3D特效设计师,三七互娱,武汉,8k-15k,0,1-3年
高级HRBP/HRBP主管,三七互娱,武汉,12k-20k,15,3-5年
灯光渲染师,三七互娱,广州,10k-15k,0,1-3年
学习发展专家,三七互娱,广州,18k-30k,13,5-10年
HRBP,三七互娱,广州,15k-25k,0,5-10年
薪酬福利专家（高管薪酬）,三七互娱,广州,20k-32k,0,5-10年
海外运营（中高级slg向）,三七互娱,广州,13k-23k,15,3-5年
高级财务经理,三七互娱,广州,35k-50k,15,5-10年
中级财务分析师,三七互娱,广州,25k-30k,14,5-10年
费用会计,三七互娱,广州,8k-10k,14,1-3年
UE4广告设计师,三七互娱,广州,8k-13k,15,不限
高级角色模型师,三七互娱,广州,15k-30k,0,3-5年
日语本地化专员（母语日语）,三七互娱,广州,15k-25k,13,不限
Golang开发工程师,三七互娱,广州,15k-25k,15,不限
招聘COE专家,三七互娱,广州,15k-30k,14,5-10年
美宣主美,三七互娱,广州,30k-50k,15,5-10年
HRBP经理,三七互娱,广州,25k-50k,0,10年以上
中高级海外运营岗位（日本MMO游戏方向）,三七互娱,广州,15k-30k,15,1-3年
平台架构师,三七互娱,广州,35k-60k,0,5-10年
校园招聘专家,三七互娱,广州,15k-25k,0,3-5年
高级绑定师,三七互娱,广州,20k-40k,15,不限
游戏视频设计师,三七互娱,广州,12k-24k,0,不限
出纳,三七互娱,广州,5k-7k,0,1-3年
ue4技术美术,三七互娱,广州,20k-40k,0,3-5年
财务分析师,三七互娱,广州,15k-25k,0,5-10年
战略招聘专家,三七互娱,广州,15k-25k,14,5-10年
广告优化师,三七互娱,广州,15k-25k,0,不限
市场经理,三七互娱,广州,20k-30k,14,不限
海外广告投放,三七互娱,广州,12k-24k,0,不限
财经公关,三七互娱,广州,15k-25k,0,3-5年
高级企业文化专员,三七互娱,广州,12k-20k,0,3-5年
高级招聘,三七互娱,广州,13k-20k,14,3-5年
客服质检专员（越南语）,三七互娱,广州,7k-9k,13,3-5年
高级政策顾问,三七互娱,北京,15k-30k,0,3-5年
高级运维开发工程师,三七互娱,广州,20k-30k,15,5-10年
高级运维工程师,三七互娱,广州,15k-30k,15,3-5年
cocos游戏开发工程师,三七互娱,广州,15k-25k,0,5-10年
资深算法工程师,三七互娱,广州,30k-40k,15,5-10年
人力资源专员,三七互娱,广州,8k-13k,0,不限
高级DBA,三七互娱,广州,20k-30k,15,5-10年
战略研究分析师,三七互娱,广州,25k-30k,0,3-5年
高级网络工程师,三七互娱,广州,20k-30k,15,不限
高级手游运营,三七互娱,广州,10k-20k,14,1-3年
高级广告投放,三七互娱,广州,10k-15k,14,1-3年
高级UE4地编,三七互娱,广州,15k-25k,14,3-5年
视觉设计师,三七互娱,广州,10k-15k,14,1-3年
高级美宣,三七互娱,广州,15k-25k,14,3-5年
高级SDK产品经理,三七互娱,广州,15k-30k,14,3-5年
游戏引入商务,三七互娱,广州,15k-20k,0,不限
后端工程师,三七互娱,广州,16k-30k,15,1-3年
大数据开发工程师,三七互娱,广州,15k-26k,15,1-3年
中高级3D角色设计师,三七互娱,广州,15k-30k,0,3-5年
UE4视频设计师,三七互娱,广州,10k-20k,14,1-3年
高级UE4特效设计师,三七互娱,广州,12k-20k,14,3-5年
高级3d动画师,三七互娱,广州,12k-20k,14,3-5年
资深后端工程师（广告端）,三七互娱,广州,25k-40k,15,5-10年
HRBP,三七互娱,广州,8k-15k,16,不限
java后端开发工程师,三七互娱,广州,15k-25k,15,3-5年
后端开发工程师（海外数据端）,三七互娱,广州,20k-40k,15,3-5年
培训专员,三七互娱,广州,8k-13k,14,1-3年
3D角色渲染师,三七互娱,广州,15k-30k,16,不限
高级安卓开发工程师,三七互娱,广州,18k-28k,15,5-10年
模型材质师,三七互娱,广州,12k-24k,16,不限
php开发工程师（数据开发）,三七互娱,广州,15k-25k,14,5-10年
组织发展经理,三七互娱,广州,25k-45k,15,5-10年
游戏数值策划,三七互娱,广州,15k-25k,15,3-5年
游戏测试工程师,三七互娱,广州,10k-15k,15,3-5年
文案策划,三七互娱,广州,10k-20k,15,不限
游戏运维工程师,三七互娱,广州,15k-22k,15,3-5年
Unity3D客户端程序（高级/资深）,三七互娱,广州,15k-30k,0,3-5年
HRBP总监,三七互娱,广州,30k-50k,0,5-10年
AE特效设计师,三七互娱,厦门,15k-20k,15,不限
游戏原画设计师,三七互娱,苏州,15k-30k,15,1-3年
3D角色设计师,三七互娱,成都,10k-20k,15,3-5年
游戏制作人,三七互娱,上海,35k-70k,15,5-10年
3d动作设计师,三七互娱,厦门,12k-22k,15,5-10年
角色高模设计师,三七互娱,厦门,12k-22k,15,5-10年
人力资源专员,三七互娱,成都,5k-6k,15,1年以下
高级角色原画设计师,三七互娱,成都,10k-15k,15,5-10年
游戏动作设计师,三七互娱,成都,9k-18k,15,不限
场景原画,三七互娱,广州,15k-30k,0,3-5年
招聘总监,三七互娱,广州,30k-50k,0,5-10年
高级行政助理,三七互娱,广州,7k-10k,15,3-5年
c++开发工程师,三七互娱,苏州,15k-25k,15,3-5年
美术经理,三七互娱,成都,25k-35k,15,5-10年
系统策划（初中级）,三七互娱,广州,9k-16k,0,1-3年
系统策划（中/高/资深）,三七互娱,广州,16k-25k,0,3-5年
数值策划（初/中级别）,三七互娱,广州,10k-16k,0,1-3年
数值策划（中/高/资深级别）,三七互娱,广州,16k-26k,0,3-5年
AE/U3D游戏特效设计师（成都）,三七互娱,成都,9k-18k,0,3-5年
特效设计师,三七互娱,广州,12k-20k,0,1-3年
企业文化,三七互娱,广州,9k-13k,15,1-3年
关卡策划,三七互娱,广州,15k-30k,15,不限
资深动作分镜师,三七互娱,上海,25k-50k,15,5-10年
ui设计师,三七互娱,上海,15k-30k,15,3-5年
数值策划,三七互娱,上海,10k-15k,15,1-3年
产品运营（数据分析）,三七互娱,广州,15k-30k,15,不限
高级/资深绩效管理,三七互娱,广州,15k-30k,15,不限
游戏服务端开发（java开发）,三七互娱,广州,15k-30k,15,不限
研发运营,三七互娱,广州,12k-24k,15,不限
客户端开发工程师,三七互娱,广州,12k-24k,15,不限
数值策划,三七互娱,广州,15k-25k,15,不限
市场运营总监,三七互娱,广州,20k-30k,13,5-10年
网文小说广告投放,三七互娱,广州,10k-20k,14,1-3年
电商运营实习生（22届以上）,网易游戏,广州,2k-3k,0,不限
内容运营专员,网易游戏,广州,6k-10k,15,1-3年
营销策划专员（三坑方向）,网易游戏,广州,8k-13k,15,1-3年
资深视频编导,网易游戏,广州,10k-15k,15,1-3年
电竞赛事策划专员,网易游戏,广州,10k-15k,15,1-3年
后期制作实习生（2022届）,网易游戏,广州,2k-3k,0,不限
赛事导演,网易游戏,广州,10k-15k,15,1-3年
买量视频制作专员,网易游戏,广州,7k-11k,15,1-3年
漫画实习生,网易游戏,广州,2k-3k,0,1年以下
公关传播策划,网易游戏,广州,9k-14k,15,1-3年
视频创意策划,网易游戏,广州,10k-15k,15,1-3年
平面设计师,网易游戏,广州,7k-12k,15,1-3年
项目管理专员（二次元方向）,网易游戏,广州,7k-10k,15,不限
新媒体运营专员,网易游戏,广州,6k-9k,15,1-3年
游戏安全运营 （反作弊方向）,网易游戏,广州,12k-18k,16,不限
电商客服,网易游戏,广州,4k-7k,0,1-3年
电商运营专员,网易游戏,广州,6k-10k,13,1-3年
电商客服实习生,网易游戏,广州,2k-3k,0,1年以下
网易游戏玩家运维专员,网易游戏,广州,4k-8k,13,1年以下
游戏引擎研发工程师,网易游戏,广州,25k-50k,16,1-3年
流量增长策划,网易游戏,广州,12k-24k,16,不限
直播策划实习生,网易游戏,杭州,2k-3k,0,不限
活动策划执行实习生,网易游戏,杭州,2k-3k,0,不限
B站运营专员,网易游戏,广州,7k-11k,13,1-3年
公关传播专员,网易游戏,广州,8k-15k,13,不限
内容运营策划,网易游戏,广州,8k-15k,13,不限
营销策划专员,网易游戏,广州,6k-9k,13,不限
新媒体营销专员（游戏向）,网易游戏,广州,7k-10k,13,1-3年
玩家运维专员,网易游戏,广州,4k-8k,13,不限
高级/资深ui设计师,网易游戏,广州,15k-30k,0,3-5年
游戏策划,网易游戏,广州,10k-15k,0,1-3年
主播运营,网易游戏,上海,6k-8k,13,1-3年
天猫推广专员,网易游戏,广州,7k-12k,13,1-3年
直播运营策划专员,网易游戏,广州,6k-10k,13,1-3年
游戏广告视频设计师,网易游戏,广州,7k-12k,13,1-3年
高级手游开发工程师（全栈技术）—— 奇点事业部010,网易游戏,上海,15k-30k,16,1-3年
营收产品经理,网易游戏,广州,15k-30k,16,3-5年
动画设计师,网易游戏,广州,8k-10k,0,不限
数据运营,网易游戏,广州,6k-9k,13,不限
直播运营,网易游戏,广州,6k-9k,0,1-3年
HR实习生,网易游戏,广州,3k-4k,0,不限
游戏运维工程师岗位,紫龙互娱,北京,15k-30k,13,3-5年
数据分析师,紫龙互娱,北京,10k-20k,13,3-5年
Web前端开发工程师,紫龙互娱,北京,15k-25k,13,3-5年
数据系统工程师,紫龙互娱,北京,15k-30k,13,3-5年
java服务器开发工程师,紫龙互娱,北京,25k-40k,13,5-10年
游戏运营（国内/海外）,紫龙互娱,北京,8k-12k,0,1-3年
韩语游戏运营,紫龙互娱,北京,10k-20k,0,1-3年
游戏场景原画,紫龙互娱,北京,15k-30k,14,不限
游戏产品运营-数据方向,紫龙互娱,北京,8k-14k,13,1-3年
游戏关卡策划,紫龙互娱,北京,14k-20k,14,1-3年
文案策划,紫龙互娱,北京,10k-13k,13,不限
高级UI设计师,紫龙互娱,北京,20k-30k,14,5-10年
前端开发工程师 （CSIG全资子公司）,腾讯,武汉,15k-30k,16,3-5年
审核员岗（腾讯PCG全资子公司）,腾讯,武汉,5k-7k,13,1-3年
审核员岗-视频（腾讯PCG全资子公司）,腾讯,武汉,5k-7k,13,1-3年
内容管理岗（腾讯全资子公司）（武汉）,腾讯,武汉,4k-6k,13,1-3年
内容管理（全资子公司）,腾讯,武汉,4k-6k,13,1-3年
内容管理岗（全资子公司）,腾讯,武汉,4k-6k,0,1-3年
腾讯文档客户端工程师,腾讯,武汉,30k-35k,0,3-5年
招聘专员,腾讯,武汉,7k-10k,13,3-5年
腾讯云安全产品测试工程师(腾讯云全资子公司）(武汉）,腾讯,武汉,15k-30k,15,1-3年
腾讯审核专员岗,腾讯,武汉,5k-7k,13,不限
系统运维开发工程师（腾讯云计算武汉有限责任公司）,腾讯,武汉,15k-30k,0,不限
存储Web前端(腾讯全资子公司),腾讯,武汉,15k-20k,16,3-5年
武汉腾讯云web前端开发工程师,腾讯,武汉,20k-40k,16,3-5年
腾讯云后端开发工程师（PHP、GO方向）,腾讯,武汉,13k-25k,14,3-5年
golang 后台开发工程师（腾讯云研发子公司）,腾讯,武汉,23k-34k,16,3-5年
经营平台后台工程师(腾讯武汉子公司）,腾讯,武汉,15k-30k,0,3-5年
腾讯教育子公司-运营设计师-武汉,腾讯,武汉,10k-15k,14,不限
21309-腾讯在线教育子公司-HRBP(武汉),腾讯,武汉,15k-30k,16,3-5年
智慧教育交付研发工程师（腾讯云全资子公司）,腾讯,武汉,15k-30k,0,不限
智慧教育后台开发工程师（腾讯云全资子公司）,腾讯,武汉,15k-30k,0,不限
腾讯云后台开发工程师(腾讯云全资子公司）,腾讯,武汉,10k-15k,0,1-3年
安全产品交付工程师,腾讯,武汉,15k-25k,0,3-5年
腾讯IMWeb团队Web开发工程师（武汉子公司）,腾讯,武汉,12k-20k,0,1-3年
Saas甄选市场后台开发,腾讯,武汉,20k-40k,0,3-5年
智慧教育web前端开发工程师（腾讯云全资子公司）,腾讯,武汉,15k-30k,0,不限
腾讯云游戏解决方案后台开发（腾讯云全资子公司）,腾讯,武汉,15k-30k,0,3-5年
aPaas基础平台前端开发,腾讯,武汉,20k-40k,0,3-5年
C++客户端工程师（CSIG全资子公司）,腾讯,武汉,15k-25k,16,不限
腾讯云安全后台开发工程师(腾讯云全资子公司),腾讯,武汉,15k-30k,16,3-5年
数据后台工程师,腾讯,武汉,20k-40k,16,3-5年
视觉设计师,腾讯,武汉,15k-21k,16,3-5年
数据后台工程师（CSIG全资子公司）,腾讯,武汉,15k-25k,16,不限
腾讯在线教育子公司-组织发展（武汉）,腾讯,武汉,15k-30k,16,3-5年
地图数据后台开发工程师,腾讯,武汉,20k-40k,16,3-5年
Web前端工程师,腾讯,武汉,20k-40k,16,3-5年
地图前端研发工程师,腾讯,武汉,20k-40k,16,3-5年
aPaas基础平台后台开发,腾讯,武汉,20k-40k,0,3-5年
腾讯云web前端工程师(腾讯云全资子公司),腾讯,武汉,20k-40k,16,不限
python开发工程师,腾讯,武汉,15k-30k,0,3-5年
云安全运营工程师,腾讯,武汉,15k-30k,0,3-5年
区域人力资源专员,腾讯,武汉,10k-20k,0,1-3年
腾讯云视频会议后台开发工程师,腾讯,武汉,15k-30k,16,1-3年
腾讯云区块链测试工程师,腾讯,武汉,15k-25k,0,3-5年
react前端开发工程师,腾讯,武汉,15k-25k,16,1-3年
前端开发工程师,腾讯,武汉,20k-40k,16,3-5年
前端开发工程师,腾讯,武汉,15k-25k,0,不限
腾讯教育-前端开发工程师,腾讯,武汉,12k-18k,16,1-3年
前端开发工程师,腾讯,武汉,15k-30k,0,1-3年
22989-操作系统开发工程师(CSIG全资子公司)（武汉）,腾讯,武汉,15k-20k,16,1-3年
子公司-iOS/Mac开发工程师-武汉,腾讯,武汉,15k-25k,16,3-5年
云开发前端工程师（武汉）,腾讯,武汉,15k-30k,16,3-5年
golang后台开发工程师,腾讯,武汉,11k-15k,0,3-5年
零信任iOA后台开发工程师,腾讯,武汉,15k-25k,16,不限
云网络后台开发工程师(CSIG全资子公司),腾讯,武汉,15k-20k,16,3-5年
golang开发工程师,腾讯,武汉,10k-18k,16,1-3年
大数据后台开发工程师（CSIG全资子公司）,腾讯,武汉,17k-28k,16,不限
电商社群活动运营,腾讯,深圳,20k-40k,16,3-5年
电商品牌商家运营,腾讯,深圳,25k-50k,16,5-10年
运营开发工程师（CSIG全资子公司）,腾讯,重庆,15k-30k,16,3-5年
前端开发 （CSIG全资子公司）,腾讯,长沙,15k-30k,16,3-5年
测试开发工程师（CSIG全资子公司）,腾讯,长沙,15k-30k,16,3-5年
前端开发工程师 （CSIG全资子公司）,腾讯,西安,15k-30k,16,3-5年
java开发工程师（CSIG全资子公司）,腾讯,长沙,15k-30k,16,3-5年
web前端开发工程师-700,腾讯,上海,20k-40k,16,3-5年
助理 Web 前端开发工程师,腾讯,深圳,8k-12k,0,不限
web前端开发,腾讯,深圳,20k-40k,16,3-5年
独立游戏孵化发行经理（深圳）,腾讯,深圳,20k-40k,16,3-5年
高级游戏研究经理（深圳）,腾讯,深圳,20k-40k,16,3-5年
腾讯游戏学院高级项目经理（...,腾讯,深圳,20k-40k,16,5-10年
游戏业务流程经理（深圳）,腾讯,深圳,20k-40k,16,3-5年
ios开发工程师,腾讯,深圳,25k-50k,16,3-5年
培训助理（班主任方向）,腾讯,深圳,5k-7k,0,1-3年
前端开发工程师,腾讯,重庆,11k-20k,0,3-5年
助理测试工程师（非腾讯正式编制）,腾讯,深圳,8k-12k,0,1-3年
ios开发工程师,腾讯,深圳,35k-65k,16,3-5年
审核专员（视频方向）,腾讯,天津,5k-8k,0,不限
审核专员（购买社保、六险一金）,腾讯,天津,5k-8k,0,不限
审核员岗（腾讯PCG全资子公司）,腾讯,天津,5k-7k,0,1-3年
审核员岗（腾讯PCG全资子公司）,腾讯,西安,6k-9k,0,1-3年
高级审核编辑岗,腾讯,天津,8k-10k,13,1-3年
生态巡检,腾讯,天津,7k-9k,0,1-3年
标准评估,腾讯,天津,8k-10k,13,1-3年
质控专家,腾讯,天津,8k-10k,13,1-3年
内容质量专员岗 （腾讯PCG全资子公司）,腾讯,天津,5k-7k,0,1-3年
审核员岗（腾讯PCG全资子公司）,腾讯,青岛,6k-9k,0,1-3年
腾讯审核专员,腾讯,青岛,5k-7k,13,不限
内容质量运营,腾讯,青岛,5k-7k,13,不限
28481-子公司-后台开发方向-腾讯医疗健康后台开发,腾讯,长沙,14k-28k,16,1-3年
前端开发工程师,腾讯,上海,20k-40k,0,3-5年
后端开发工程师,腾讯,上海,20k-40k,0,3-5年
腾讯智慧校园产品经理,腾讯,深圳,25k-45k,0,3-5年
腾讯智慧校园产品经理,腾讯,北京,25k-45k,0,3-5年
web前端工程师(西安),腾讯,西安,10k-20k,0,1-3年
腾讯大数据高级产品经理,腾讯,深圳,20k-40k,16,3-5年
web前端开发工程师,腾讯,深圳,20k-40k,16,3-5年
前端开发,腾讯,深圳,20k-40k,16,3-5年
微信支付文档质检员,腾讯,深圳,9k-13k,13,1-3年
TEG05-研发效能高级研发工程师,腾讯,深圳,25k-50k,16,3-5年
计算广告后台开发工程师,腾讯,深圳,20k-40k,0,3-5年
招聘经理,腾讯,深圳,30k-45k,16,5-10年
高级.Net Core开发工程师,腾讯,深圳,15k-30k,14,5-10年
高级前端开发工程师,腾讯,深圳,30k-50k,14,5-10年
高级web前端开发工程师,腾讯,深圳,20k-35k,0,5-10年
招聘经理,腾讯,深圳,20k-40k,16,5-10年
高级JAVA开发工程师,腾讯,深圳,20k-40k,14,5-10年
HR系统研发Leader,腾讯,深圳,25k-50k,14,5-10年
高级后台开发工程师,腾讯,深圳,20k-40k,0,5-10年
高级交互设计师,腾讯,深圳,15k-30k,0,3-5年
行政拓展经理（深圳）,腾讯,深圳,15k-30k,0,3-5年
平台与内容法律顾问（北京）,腾讯,北京,15k-30k,0,5-10年
高级法律顾问（深圳）,腾讯,深圳,15k-30k,0,5-10年
腾讯视频HRBP（深圳）,腾讯,深圳,25k-50k,16,5-10年
部门秘书（深圳）,腾讯,深圳,15k-25k,0,1-3年
腾讯公益平台高级后台开发工程师,腾讯,深圳,20k-30k,0,3-5年
腾讯公益应用开发工程师,腾讯,深圳,20k-30k,0,3-5年
hrbp,腾讯,北京,25k-50k,16,5-10年
诉讼律师（深圳/北京）,腾讯,深圳,25k-40k,16,不限
前端开发工程师,腾讯,深圳,20k-40k,14,3-5年
HRIT系统技术架构师,腾讯,深圳,30k-50k,14,5-10年
腾讯公益产品经理（行业/企业产品方向）,腾讯,深圳,18k-28k,0,1-3年
腾讯公益运营经理（社区产品方向）,腾讯,深圳,18k-28k,0,1-3年
腾讯广告HRBP,腾讯,北京,25k-50k,16,5-10年
腾讯广告HRBP,腾讯,深圳,25k-50k,16,5-10年
供应商管理,腾讯,深圳,15k-30k,14,5-10年
部门助理,腾讯,深圳,15k-30k,16,1-3年
腾讯公益应用开发工程师（深圳）,腾讯,深圳,18k-30k,0,3-5年
安全策略验证,腾讯,深圳,8k-12k,0,1-3年
高级招聘经理（深圳）,腾讯,深圳,30k-50k,16,5-10年
员工关系经理,腾讯,深圳,20k-40k,16,5-10年
大数据高级项目经理,腾讯,深圳,25k-40k,16,3-5年
高级数据分析师,腾讯,深圳,25k-40k,16,5-10年
高级推荐算法工程师,腾讯,深圳,25k-45k,16,3-5年
18436-数据平台高级Java工程师（深圳）,腾讯,深圳,20k-40k,16,5-10年
18436-高级大数据实时计算开发工程师,腾讯,深圳,20k-40k,16,5-10年
腾讯广告行业研究与洞察经理,腾讯,北京,18k-36k,0,3-5年
理财通测试开发工程师,腾讯,深圳,25k-40k,14,3-5年
c++后台开发高级工程师,腾讯,深圳,20k-40k,14,3-5年
金融交易系统架构师,腾讯,深圳,50k-80k,14,5-10年
腾讯金融平台产品视觉设计师（运营方向）,腾讯,深圳,15k-30k,0,5-10年
18432-web前端开发工程师,腾讯,深圳,20k-40k,0,3-5年
虚拟银行客户端开发工程师（深圳）,腾讯,深圳,20k-40k,0,3-5年
跨境汇款产品策划,腾讯,深圳,20k-30k,0,1-3年
C++支付开发工程师,腾讯,深圳,15k-30k,0,不限
【国际业务部】Android开发工程,腾讯,深圳,15k-30k,0,3-5年
30628-腾讯广告开放平台服务端PHP开发工程,腾讯,深圳,30k-50k,0,5-10年
反洗钱专员（名单调查及审核方向）,腾讯,深圳,7k-10k,0,1-3年
大数据平台开发工程师,腾讯,深圳,20k-40k,0,不限
后台开发工程师（Java）,腾讯,深圳,20k-40k,14,3-5年
理财通系统测试工程师,腾讯,深圳,18k-35k,14,3-5年
理财通后台java开发工程师,腾讯,深圳,20k-40k,14,3-5年
36242-数据开发工程师,腾讯,深圳,20k-40k,16,3-5年
18436-高级数仓工程师（深圳）,腾讯,深圳,20k-40k,16,3-5年
增长工具产品经理,腾讯,深圳,30k-50k,14,5-10年
高级数据仓库开发工程师,腾讯,深圳,20k-40k,16,3-5年
高级数据产品经理,腾讯,深圳,20k-40k,16,3-5年
腾讯广告联盟优量汇-商业化运营（休闲游戏方向）,腾讯,北京,18k-36k,0,3-5年
腾讯广告联盟优量汇-商业化运营（重度游戏方向）,腾讯,北京,18k-36k,0,3-5年
腾讯广告联盟优量汇-商业化运营（联运游戏方向）,腾讯,北京,18k-36k,0,3-5年
腾讯广告联盟优量汇-商业化运营（大网服行业方向）,腾讯,北京,18k-36k,0,3-5年
18432-通讯业务高级商务经理（北京/深圳/上海,腾讯,深圳,20k-40k,0,5-10年
18432-通讯创新业务后台开发工程师,腾讯,深圳,15k-30k,0,3-5年
29569-虚拟银行后台开发工程师（深圳）,腾讯,深圳,20k-40k,0,5-10年
腾讯广告KA网服行业运营经理,腾讯,深圳,20k-40k,0,3-5年
腾讯广告电商行业运营经理,腾讯,深圳,20k-40k,0,5-10年
腾讯广告微信广告排序算法研究员,腾讯,深圳,20k-40k,0,3-5年
前端开发工程师（深圳）,腾讯,深圳,18k-36k,0,3-5年
腾讯广告创意产品经理（深圳）,腾讯,深圳,25k-35k,0,3-5年
数据产品经理,腾讯,深圳,20k-40k,16,3-5年
支付风控个人账户管控产品经理,腾讯,深圳,23k-46k,16,3-5年
金融科技业务风险分析师,腾讯,深圳,24k-48k,16,3-5年
技术支持工程师,腾讯,北京,8k-12k,0,不限
值班业务运营 Linux运维工程师,腾讯,深圳,8k-12k,13,1-3年
腾讯广告联盟广告后台安全开发工程师（北京）,腾讯,北京,20k-40k,0,3-5年
证券策略研究员,腾讯,深圳,30k-45k,16,5-10年
系统架构专家,腾讯,深圳,50k-100k,16,10年以上
18436-高级数据产品经理,腾讯,深圳,20k-40k,16,3-5年
18436-大数据实时计算开发专家,腾讯,深圳,20k-40k,16,10年以上
内容编辑,腾讯,北京,6k-10k,0,3-5年
【国际业务部】JOOX海外音乐产品,腾讯,深圳,15k-25k,0,3-5年
风控安全算法工程师,腾讯,深圳,30k-60k,0,5-10年
腾讯广告文案创意经理,腾讯,北京,18k-36k,0,5-10年
18436-监管数据治理专家（深圳),腾讯,深圳,20k-40k,16,5-10年
18436-资金与数据平台前端开发工程师,腾讯,深圳,20k-40k,16,3-5年
证券行情高级产品经理（北京）,腾讯,北京,30k-50k,14,5-10年
证券高级产品经理（交易方向）,腾讯,深圳,30k-50k,14,5-10年
推荐系统架构师,腾讯,深圳,35k-60k,16,5-10年
18435-风控模型工程师,腾讯,深圳,18k-36k,0,不限
30628-腾讯广告客户系统后端开发,腾讯,北京,20k-35k,0,3-5年
18425-跨境业务测试工程师,腾讯,深圳,15k-30k,0,3-5年
java开发高级工程师,腾讯,深圳,25k-50k,0,5-10年
证券测试开发工程师,腾讯,北京,25k-45k,14,5-10年
证券业务C++后台开发高级工程师（深圳）,腾讯,深圳,25k-40k,14,3-5年
腾讯广告助理HRBP,腾讯,深圳,8k-10k,0,1-3年
金融科技Java开发专家工程师（深圳）,腾讯,深圳,30k-60k,16,5-10年
金融科技腾讯金融中台系统架构师（深圳）,腾讯,深圳,30k-50k,0,5-10年
金融科技财付通清算业务开发工程师（深圳）,腾讯,深圳,20k-40k,0,不限
腾讯广告联盟优量汇-形态产品经理,腾讯,北京,18k-36k,0,3-5年
中间件运维工程师,腾讯,深圳,20k-40k,0,3-5年
网络工程师,腾讯,深圳,20k-40k,0,3-5年
18432-web前端开发工程师,腾讯,深圳,20k-40k,0,3-5年
18432-项目经理（通讯业管）,腾讯,深圳,25k-50k,0,5-10年
大数据高级测试,腾讯,深圳,30k-60k,0,3-5年
资金中台高级测试工程师,腾讯,深圳,30k-60k,0,3-5年
GY0-腾讯会议海外版测试工程师,腾讯,深圳,15k-30k,0,3-5年
23486-证券产品前端开发,腾讯,深圳,18k-36k,0,不限
23486-腾讯自选股ios高级开发工程师,腾讯,北京,20k-35k,0,5-10年
理财通用户增长高级产品经理,腾讯,深圳,30k-50k,14,5-10年
风险建模分析师,腾讯,深圳,30k-50k,14,3-5年
腾讯广告商品推荐后台工程师,腾讯,深圳,20k-40k,0,不限
数据开发高级工程师,腾讯,深圳,30k-40k,14,5-10年
18432-web前端开发工程师,腾讯,深圳,15k-30k,0,3-5年
29569-虚拟银行后台开发工程师（深圳）,腾讯,深圳,15k-25k,0,3-5年
18434-交互设计师（深圳）,腾讯,深圳,15k-30k,0,3-5年
GY0-JOOX后台开发工程师,腾讯,深圳,20k-35k,0,3-5年
GY0-搜索系统高级工程师(深圳),腾讯,深圳,20k-35k,0,3-5年
18435-自然语言处理算法工程师,腾讯,深圳,20k-40k,0,不限
腾讯广告合约引擎后台开发高级工程师,腾讯,上海,28k-56k,0,5-10年
腾讯广告KA渠道销售经理Leader,腾讯,上海,30k-50k,0,5-10年
虚拟银行后台开发工程师（深圳）,腾讯,深圳,18k-35k,0,3-5年
18427-理财通交易后台开发工程师,腾讯,深圳,20k-40k,14,不限
腾讯广告数据产品前端开发工程师（深圳）,腾讯,深圳,20k-35k,0,3-5年
腾讯广告播放后台工程师（深圳）,腾讯,深圳,25k-40k,0,3-5年
腾讯广告电商内容编辑,腾讯,北京,20k-40k,16,不限
数据产品专家,腾讯,深圳,35k-50k,16,10年以上
数据挖掘高级工程师,腾讯,深圳,25k-45k,16,5-10年
18436-高级资金运营经理,腾讯,深圳,20k-40k,16,3-5年
18436-高级测试工程师,腾讯,深圳,20k-40k,16,3-5年
前端开发工程师,腾讯,深圳,10k-20k,0,3-5年
18436-高级量化开发工程师,腾讯,深圳,20k-40k,16,3-5年
18436-银行合作高级产品经理,腾讯,深圳,20k-40k,16,3-5年
18436-高级Java架构师(深圳),腾讯,深圳,20k-40k,16,5-10年
【国际业务部】搜索业务高级算法,腾讯,深圳,30k-50k,0,5-10年
【国际业务部】后台测试开发工程,腾讯,深圳,15k-30k,0,3-5年
【国际业务部】交互设计师（深圳,腾讯,深圳,15k-30k,0,3-5年
【国际业务部】iOS客户端开发工,腾讯,深圳,15k-30k,0,3-5年
腾讯云海外商务拓展（深圳）,腾讯,深圳,15k-30k,0,3-5年
【智慧交通】高级交互设计师（深圳）,腾讯,深圳,15k-30k,0,5-10年
金融应用安全运维工程师,腾讯,深圳,15k-30k,0,3-5年
腾讯广告海外销售经理,腾讯,深圳,20k-40k,0,3-5年
腾讯广告金融行业运营,腾讯,北京,15k-25k,14,1-3年
腾讯广告消电IT行业销售经理,腾讯,北京,20k-40k,16,5-10年
证券高级产品经理,腾讯,深圳,25k-40k,14,5-10年
跨境前端开发工程师,腾讯,深圳,20k-40k,0,3-5年
金融应用运营安全工程师,腾讯,深圳,15k-30k,0,不限
银行系统测试工程师,腾讯,深圳,20k-40k,14,3-5年
金融科技高级社区产品策划经理,腾讯,深圳,25k-45k,14,5-10年
理财通web前端工程师,腾讯,深圳,20k-40k,14,3-5年
高级前端工程师,腾讯,深圳,25k-45k,14,5-10年
web前端开发工程师,腾讯,深圳,15k-20k,16,3-5年
金融科技支付平台开发工程师（深圳）,腾讯,深圳,20k-40k,0,不限
理财通后台开发高级工程师,腾讯,西安,20k-40k,14,3-5年
腾讯广告商品推荐后台工程师,腾讯,深圳,20k-40k,0,不限
腾讯广告商品推荐后台工程师,腾讯,深圳,20k-40k,0,不限
腾讯广告大数据开发工程师（北京）,腾讯,北京,25k-35k,0,3-5年
腾讯广告检索系统后台开发高级工程师,腾讯,深圳,20k-30k,0,1-3年
国际业务部-搜索排序数据工程师（深圳）,腾讯,深圳,25k-35k,0,3-5年
腾讯广告检索后台工程师（深圳）,腾讯,深圳,25k-40k,0,3-5年
腾讯广告后台开发高级工程师（北京）,腾讯,北京,25k-40k,0,3-5年
PHP资深开发工程师,腾讯,上海,25k-50k,0,3-5年
18427-数据开发工程师（腾讯中金合资技术公司,腾讯,深圳,20k-40k,0,3-5年
18427-资深架构师（腾讯中金合资技术公司）,腾讯,深圳,30k-60k,0,5-10年
18427-数据产品经理（腾讯中金合资技术公司）,腾讯,深圳,30k-60k,0,5-10年
18427-后台开发工程师（腾讯中金合资技术公司,腾讯,深圳,20k-40k,0,3-5年
跨境支付后台研发工程师,腾讯,深圳,20k-40k,16,3-5年
数据仓库工程师,腾讯,深圳,20k-40k,16,3-5年
腾讯广告优量汇-形态产品经理,腾讯,北京,20k-40k,16,3-5年
腾讯广告优量汇-投放策略产品经理,腾讯,北京,20k-40k,16,3-5年
清算账务.net开发高级工程师,腾讯,深圳,10k-20k,16,1-3年
支付风控商户风险管理产品经理,腾讯,深圳,23k-46k,16,3-5年
广告系统web前端开发工程师,腾讯,上海,30k-60k,0,3-5年
腾讯新闻视频广告商业化产品运营经理 (效果广告方向）,腾讯,深圳,20k-40k,0,1-3年
腾讯广告自然语言处理研究员（研发中心-北京）,腾讯,北京,20k-40k,0,3-5年
【国际业务部】JOOX策划产品经理,腾讯,深圳,20k-25k,0,3-5年
腾讯广告华北渠道经理—汽车行业（北京）,腾讯,深圳,20k-30k,0,3-5年
腾讯广华东渠道经理-OTT（上海）,腾讯,上海,20k-40k,0,3-5年
web前端开发,腾讯,深圳,14k-20k,0,不限
CDG - 腾讯投资 - 数据运营专员,腾讯,深圳,12k-24k,0,1-3年
跨境支付后台研发工程师,腾讯,深圳,18k-30k,0,3-5年
外汇交易Java研发工程师,腾讯,深圳,18k-30k,0,3-5年
30628-腾讯广告智能定向算法工程师,腾讯,上海,25k-50k,0,1-3年
区块链平台运营开发工程师（深圳）,腾讯,深圳,20k-40k,0,不限
区块链平台高级研发工程师（深圳）,腾讯,深圳,20k-40k,0,不限
区块链平台系统架构师（北京）,腾讯,北京,20k-40k,0,不限
区块链高级研发工程师（北京）,腾讯,北京,20k-40k,0,不限
腾讯区块链应用高级开发工程师,腾讯,深圳,25k-50k,16,5-10年
【AMS联盟广告部】 测试开发工程师,腾讯,北京,20k-40k,16,1-3年
【AMS联盟广告部】 移动端高级测试开发工程师,腾讯,北京,20k-40k,16,3-5年
腾讯区块链应用开发工程师,腾讯,深圳,20k-40k,16,不限
金融科技风险模型工程师,腾讯,深圳,23k-46k,16,3-5年
18428-金融科技资金安全高级分析师,腾讯,深圳,30k-50k,0,5-10年
金融科技AI算法应用专家,腾讯,深圳,37k-68k,16,5-10年
金融科技财付通组件与安全平台高级研发工程师（深圳）,腾讯,深圳,25k-45k,0,不限
商业分析师,腾讯,深圳,15k-30k,14,1-3年
腾讯广告联盟优量汇-商业化运营（区域&本地行业方向,腾讯,北京,18k-36k,0,3-5年
腾讯广告联盟优量汇-商业化运营（品牌广告方向）,腾讯,北京,18k-36k,0,3-5年
云平台运维工程师,腾讯,深圳,20k-40k,0,3-5年
系统工程师,腾讯,深圳,20k-40k,0,3-5年
腾讯广告数据分析工程师（深圳）,腾讯,深圳,25k-35k,0,3-5年
29569-大数据应用开发工程师,腾讯,深圳,20k-40k,0,3-5年
腾讯广告行业研究分析师,腾讯,深圳,28k-56k,0,5-10年
高级运维开发工程师,腾讯,深圳,25k-40k,0,3-5年
通讯业务研发工程师,腾讯,深圳,15k-30k,0,1-3年
商务合作（权益置换）,腾讯,深圳,15k-30k,0,1-3年
腾讯广告-联盟广告Web高级前端工程师,腾讯,北京,30k-60k,16,5-10年
高级运维开发工程师,腾讯,深圳,25k-40k,0,5-10年
腾讯广告投放golang后台高级工程师（深圳）,腾讯,深圳,25k-40k,0,3-5年
腾讯广告数据分析工程师（深圳）,腾讯,深圳,25k-35k,0,3-5年
18428-资金安全审计工程师,腾讯,深圳,15k-25k,0,不限
腾讯广告联盟广告高级算法工程师（北京）,腾讯,北京,20k-40k,16,1-3年
风控后端审核系统产品经理,腾讯,深圳,18k-36k,16,3-5年
信用卡后台开发,腾讯,深圳,20k-40k,16,3-5年
资深MySQL运维DBA,腾讯,深圳,50k-70k,16,5-10年
金融应用运营安全工程师,腾讯,深圳,30k-50k,16,5-10年
效能平台高级后台开发工程师,腾讯,深圳,70k-100k,16,10年以上
金融科技高级安全运营工程师（深圳）,腾讯,深圳,70k-90k,16,5-10年
支付风险模型高级工程师,腾讯,深圳,20k-40k,16,3-5年
风险运营管理负责人,腾讯,成都,20k-40k,16,5-10年
腾讯广告业务运营分析师-销售运营管理（北京/深圳/上海）,腾讯,北京,20k-40k,0,5-10年
招商运营高级经理（深圳）,腾讯,深圳,26k-50k,0,5-10年
金融科技风控策略运营经理,腾讯,深圳,26k-45k,16,5-10年
CDG部门秘书,腾讯,深圳,10k-20k,16,1-3年
腾讯广告新闻视频广告后台开发工程师,腾讯,深圳,25k-50k,0,1-3年
腾讯广告新闻视频高级算法工程师,腾讯,深圳,25k-50k,0,1-3年
腾讯广告商业分析师-用户增长方向,腾讯,北京,24k-48k,16,3-5年
内容运营编辑,腾讯,北京,15k-25k,0,1-3年
18436-Java架构专家(深圳),腾讯,深圳,20k-40k,16,5-10年
腾讯广告Q系流量商业化产品经理,腾讯,深圳,18k-35k,0,3-5年
腾讯广告商业产品经理,腾讯,深圳,30k-60k,0,5-10年
全国金融行业leader,腾讯,北京,30k-60k,0,10年以上
风险建模分析师,腾讯,深圳,20k-40k,0,3-5年
14914-云产品公关经理（深圳）,腾讯,深圳,20k-40k,0,3-5年
运营系统架构师,腾讯,深圳,35k-70k,16,5-10年
14173-腾讯咨询-高级PHP开发工程师,腾讯,深圳,18k-30k,0,3-5年
腾讯广告测试开发工程师,腾讯,上海,15k-30k,15,1-3年
腾讯广告测试开发工程师（上海）,腾讯,上海,20k-40k,14,不限
广告系统应用开发工程师,腾讯,上海,30k-60k,15,3-5年
18436-银行合作高级商务经理,腾讯,北京,20k-40k,16,3-5年
18436-量化对冲策略研究员,腾讯,深圳,20k-40k,16,3-5年
18436-高级数据仓库开发工程师,腾讯,深圳,20k-40k,16,3-5年
区块链平台研发工程师（深圳）,腾讯,深圳,20k-40k,0,不限
腾讯区块链运维平台开发,腾讯,深圳,25k-50k,16,3-5年
金融科技财付通银行交易开发工程师（深圳）,腾讯,深圳,20k-40k,0,不限
企业支付高级开发工程师,腾讯,深圳,20k-40k,0,不限
腾讯会议海外开发工程师[Window/Mac],腾讯,深圳,15k-30k,0,3-5年
腾讯会议海外iOS开发工程师,腾讯,深圳,20k-35k,0,3-5年
腾讯会议海外Android开发工程师,腾讯,深圳,20k-35k,0,3-5年
区块链系统测试工程师,腾讯,深圳,15k-30k,0,3-5年
27216-区块链高级产品经理,腾讯,深圳,25k-35k,0,5-10年
30622-腾讯广告XQ系广告测试开发工程师,腾讯,深圳,20k-40k,0,3-5年
30622-腾讯广告XQ系广告系统测试工程师,腾讯,深圳,20k-40k,0,3-5年
数据应用工程师(偏数据分析+数据可视化),腾讯,深圳,28k-46k,0,3-5年
腾讯（深圳）测试开发实习生招聘,腾讯,深圳,2k-4k,0,不限
银行交易开发工程师,腾讯,深圳,20k-30k,0,5-10年
腾讯广告网服行业广告产品运营经理,腾讯,深圳,20k-40k,0,3-5年
腾讯广告产品运营经理,腾讯,上海,20k-40k,0,3-5年
广告数据挖掘与算法工程师,腾讯,上海,25k-50k,0,3-5年
腾讯广告市场洞察高级经理,腾讯,北京,28k-56k,0,5-10年
腾讯广告行业研究分析师,腾讯,北京,28k-56k,0,5-10年
18434-营销策划经理(深圳) 金融,腾讯,深圳,20k-40k,0,5-10年
18434-媒体投放经理（深圳）,腾讯,深圳,20k-40k,0,5-10年
18434-UI视觉设计师（深圳）,腾讯,深圳,20k-40k,0,3-5年
金融SRE（运维开发）（深圳）,腾讯,深圳,20k-35k,0,1-3年
腾讯广告数据挖掘工程（深圳）,腾讯,深圳,25k-40k,0,3-5年
java研发专家（带精英团队）,腾讯,深圳,100k-200k,16,10年以上
金融业务研发工程师(C++)（深圳）,腾讯,深圳,30k-40k,16,5-10年
金融科技云原生高级开发工程师,腾讯,深圳,40k-70k,16,10年以上
金融科技金融SRE,腾讯,深圳,30k-50k,16,5-10年
金融科技SRE（运维开发）（深圳）,腾讯,深圳,30k-50k,16,5-10年
支付后台高级开发工程师,腾讯,深圳,30k-50k,16,5-10年
数据开发高级工程师,腾讯,深圳,20k-40k,16,3-5年
腾讯联盟广告Web前端工程师,腾讯,北京,20k-40k,0,3-5年
18435-风控产品经理（跨境业务方向）,腾讯,深圳,25k-50k,16,5-10年
基础架构安全运维工程师,腾讯,深圳,20k-40k,0,3-5年
数据中心运营工程师,腾讯,深圳,20k-40k,0,3-5年
客户端安全算法工程师,腾讯,深圳,18k-36k,0,3-5年
腾讯广告行业服务产品策划（北京）,腾讯,北京,25k-35k,0,3-5年
腾讯广告数据平台高级产品经理（深圳）,腾讯,深圳,25k-35k,0,3-5年
腾讯微信广告视觉设计师,腾讯,深圳,18k-36k,0,1-3年
腾讯广告业务运营分析师-BI分析方向（北京/深圳）,腾讯,北京,20k-40k,0,10年以上
海外ToB业务-商业产品经理,腾讯,深圳,20k-40k,0,3-5年
C++风控后台开发工程师,腾讯,深圳,15k-30k,0,1-3年
效能平台高级后台开发工程师,腾讯,深圳,70k-100k,16,10年以上
高级商户风险分析师,腾讯,深圳,23k-46k,16,5-10年
微信视频剪辑师,腾讯,北京,15k-30k,18,1-3年
企业微信产品部企业邮箱后台开发工程师,腾讯,广州,15k-25k,0,1-3年
微信质量管理（高级）工程师（广州）,腾讯,广州,20k-40k,14,不限
微信支付商户质量运营开发工程师,腾讯,深圳,25k-40k,16,3-5年
微信支付行业应用Android系统研发,腾讯,深圳,25k-40k,16,3-5年
微信支付技术咨询架构师,腾讯,深圳,20k-40k,16,3-5年
微信支付知识发现高级工程师（深圳）,腾讯,深圳,25k-50k,0,3-5年
WXG01-微信视频剪辑Android开发工程师,腾讯,北京,15k-30k,18,1-3年
WXG01-微信视频剪辑iOS开发工程师,腾讯,北京,15k-30k,18,1-3年
微信视频包装/视觉动效设计师,腾讯,北京,15k-30k,18,1-3年
28605-微信支付境外支付后台开发工程师,腾讯,深圳,15k-30k,18,1-3年
28605-微信支付境外支付高级后台开发工程师,腾讯,深圳,20k-40k,18,3-5年
微信游戏数据产品经理,腾讯,深圳,20k-40k,0,3-5年
WXG10-企业微信私有化后台开发工程师（成都）,腾讯,成都,25k-50k,0,不限
WXG10-企业微信私有化后台开发工程师（广州）,腾讯,广州,25k-50k,0,不限
企业微信后台开发工程师（广州）,腾讯,广州,25k-50k,0,3-5年
企业微信测试开发工程师,腾讯,广州,20k-40k,0,不限
微信后台开发工程师,腾讯,广州,15k-30k,0,1-3年
微信前端开发工程师,腾讯,广州,15k-30k,0,1-3年
微信广研-微文档前端开发工程师,腾讯,广州,20k-35k,0,1-3年
微信广研-微盘前端开发工程师,腾讯,广州,20k-35k,0,1-3年
微信-微文档微盘后台开发工程师,腾讯,广州,20k-35k,0,1-3年
企业微信企业邮Windows开发工程师,腾讯,广州,20k-35k,0,1-3年
企业微信企业邮 Mac开发工程师,腾讯,广州,20k-35k,0,1-3年
企业微信私有化架构师,腾讯,北京,30k-60k,15,5-10年
WXG09-微信事业群部门秘书（广州）,腾讯,广州,20k-40k,0,1-3年
移动端开发工程师-iOS,腾讯,广州,15k-30k,0,不限
WXG03-微信公众平台后台开发工程师（广州）,腾讯,广州,15k-30k,0,不限
WXG03-微信公众平台后台开发高级工程师（广州）,腾讯,广州,20k-40k,0,不限
WXG01-微信视频剪辑后台开发工程师,腾讯,北京,15k-30k,18,1-3年
WXG03-微信小程序&公众号后台开发工程师,腾讯,广州,20k-40k,0,不限
企业微信PC端（高级）开发工程师-政务方向,腾讯,广州,15k-30k,0,1-3年
微信支付核心应用开发工程师,腾讯,深圳,25k-50k,0,3-5年
微信支付国际化后台开发工程师,腾讯,深圳,15k-30k,0,1-3年
微信支付交通行业应用开发工程师（深圳）,腾讯,深圳,20k-30k,0,1-3年
WXG10-113 企业微信后台开发工程师（广州）,腾讯,广州,25k-50k,0,不限
WXG08-122 微信推荐机器学习算法,腾讯,北京,25k-50k,0,不限
企业微信产品部企业邮箱后台开发工程师,腾讯,深圳,20k-30k,0,1-3年
WXG01-微信视频号数据挖掘算法工程师,腾讯,广州,15k-30k,0,1-3年
WXG01-微信视频号数据挖掘高级算法工程师,腾讯,广州,25k-50k,0,3-5年
微信视频号数据分析工程师,腾讯,广州,15k-30k,0,1-3年
微信视频号数据分析 高级工程师,腾讯,广州,25k-50k,0,3-5年
微信支付商户核心业务开发工程师（深圳）,腾讯,深圳,20k-40k,0,3-5年
28601-微信支付行业应用Android客户端研,腾讯,深圳,20k-40k,0,3-5年
微信支付IoT基础组件开发,腾讯,深圳,20k-40k,0,3-5年
微信支付行业C++后台开发工...,腾讯,深圳,15k-30k,16,不限
28604-微信支付后台开发工程师,腾讯,深圳,30k-50k,16,不限
物联网后台开发工程师,腾讯,深圳,30k-50k,16,1-3年
微信支付行业应用Android客户端研发,腾讯,深圳,25k-40k,16,3-5年
微信支付行业应用Android客户端研发,腾讯,深圳,25k-40k,16,3-5年
WXG10-企业微信PC端开发工程师,腾讯,成都,12k-24k,0,1-3年
微信支付国际化工程师,腾讯,深圳,15k-30k,0,1-3年
微信支付技术文档运营经理,腾讯,深圳,25k-40k,16,5-10年
企业微信基础应有后台开发工程师（成都/广州/深圳）,腾讯,成都,20k-40k,0,不限
企业微信web前端开发工程师（成都/广州/深圳）,腾讯,成都,20k-40k,0,不限
企业微信PC端开发工程师（成都/广州/深圳）,腾讯,成都,20k-40k,0,不限
企业微信Android客户端开发工程师（成都/广州/深圳）,腾讯,成都,20k-40k,0,不限
企业微信ios客户端开发工程师（成都/广州/深圳）,腾讯,成都,20k-40k,0,不限
推荐内容管理（重庆）,腾讯,重庆,5k-8k,0,1-3年
C/C++后台开发工程师,腾讯,北京,20k-40k,0,3-5年
27092-应用宝高级商业产品经理（深圳）,腾讯,深圳,20k-40k,0,3-5年
30360-手Q-Android开发工程师（深圳）,腾讯,深圳,20k-40k,0,1-3年
腾讯视频VIP产品经理(深圳),腾讯,深圳,20k-30k,0,3-5年
PCG17-QQ手游平台产品策划（深圳）,腾讯,深圳,20k-40k,0,不限
34455-腾讯体育后台开发工程师,腾讯,北京,25k-50k,16,3-5年
PHP研发工程师,腾讯,北京,25k-50k,0,3-5年
智能硬件渠道商务拓展（北京）,腾讯,北京,15k-30k,0,5-10年
腾讯新闻iOS开发工程师,腾讯,北京,25k-50k,0,3-5年
PCG17-社交娱乐产品运营经理,腾讯,深圳,20k-40k,0,不限
34471-电商数据分析师 - B端,腾讯,深圳,25k-50k,16,不限
c++后台开发工程师,腾讯,深圳,20k-40k,14,5-10年
电商风控策略运营,腾讯,深圳,25k-50k,16,3-5年
电商风控策略运营,腾讯,北京,25k-50k,16,3-5年
电商风控策略运营产品经理,腾讯,北京,25k-50k,16,3-5年
电商风控策略产品经理,腾讯,深圳,25k-50k,16,3-5年
风控策略产品,腾讯,深圳,22k-42k,0,3-5年
CSIG16-地图数据平台后台研发工程师（北京）,腾讯,北京,25k-50k,0,3-5年
PCG04-视频系统测试工程师（北京）,腾讯,北京,16k-32k,0,3-5年
web前端开发工程师,腾讯,深圳,12k-24k,0,1-3年
30361-Android开发工程师,腾讯,上海,18k-36k,0,3-5年
推荐算法工程师,腾讯,北京,20k-40k,0,3-5年
短视频后台开发工程师,腾讯,深圳,20k-40k,0,不限
前端开发工程师,腾讯,北京,20k-40k,0,不限
后台开发高级工程师,腾讯,北京,20k-40k,0,不限
后台开发工程师,腾讯,北京,20k-40k,0,不限
企鹅号版权产品经理,腾讯,北京,20k-40k,0,不限
IOS终端开发工程师,腾讯,北京,20k-40k,0,3-5年
golang后台开发工程师,腾讯,北京,20k-40k,0,3-5年
GO研发工程师,腾讯,北京,25k-50k,0,3-5年
QQ iOS 开发工程师,腾讯,深圳,2k-4k,0,不限
21882-腾讯医典高级后台开发（北京/深圳）,腾讯,北京,30k-60k,0,5-10年
后台开发工程师（发布器方向）（北京）,腾讯,北京,20k-40k,16,3-5年
微视后台leader,腾讯,北京,40k-60k,16,5-10年
PCG17-波洞后台开发工程师（深圳）,腾讯,深圳,20k-40k,0,3-5年
35603-腾讯看点内容商业化高级运营经理,腾讯,深圳,25k-50k,16,3-5年
36811-腾讯新闻高级推荐算法工程师（视频方向）,腾讯,北京,25k-50k,16,3-5年
36811-腾讯新闻Ios开发工程师,腾讯,北京,25k-50k,16,3-5年
36811-腾讯新闻Android开发工程师,腾讯,北京,25k-50k,16,3-5年
36811-腾讯新闻golang开发工程师,腾讯,北京,25k-50k,16,3-5年
C++研发工程师,腾讯,北京,25k-50k,0,3-5年
GO研发工程师,腾讯,北京,25k-50k,0,3-5年
视频产品项目经理,腾讯,北京,15k-30k,0,3-5年
媒资类后台产品经理,腾讯,北京,15k-30k,0,3-5年
29912-视觉算法（北京）,腾讯,北京,20k-40k,0,3-5年
视频后台产品经理,腾讯,北京,20k-40k,0,3-5年
PCG09-信息流推荐策略高级产品经理,腾讯,深圳,15k-30k,0,5-10年
PCG09-信息流推荐算法高级研究员,腾讯,北京,20k-40k,0,5-10年
用户增长渠道产品经理--信息流方向,腾讯,深圳,15k-30k,0,5-10年
看点快报Android开发工程师,腾讯,深圳,18k-35k,0,3-5年
系统可靠性工程师 (SRE),腾讯,深圳,30k-60k,0,5-10年
短视频iOS/Android高级开发工程师,腾讯,深圳,18k-36k,0,3-5年
短视频高级测试开发工程师,腾讯,深圳,18k-36k,0,3-5年
Java高级工程师,腾讯,北京,20k-40k,0,3-5年
PCG19-腾讯视频推荐算法高级工程师（北京）,腾讯,北京,20k-40k,0,1-3年
基础后台开发工程师（北京）,腾讯,北京,20k-40k,16,3-5年
短视频产品高级项目经理（北京）,腾讯,北京,15k-30k,16,5-10年
业务安全风控算法高级研究员（数据挖掘）,腾讯,深圳,20k-40k,16,1-3年
研发质量管理工程师-深圳,腾讯,深圳,25k-50k,16,3-5年
腾讯视频推荐算法工程师（北京）,腾讯,北京,20k-40k,0,3-5年
golang开发工程师,腾讯,深圳,25k-50k,0,3-5年
腾讯视频推荐算法高级工程师,腾讯,北京,30k-60k,0,3-5年
微视社区产品策划——社交基础产品,腾讯,深圳,30k-50k,0,3-5年
信息流推荐后台开发工程师,腾讯,北京,30k-60k,0,不限
腾讯视频CP客服,腾讯,成都,6k-9k,13,1-3年
腾讯视频短视频策略分析Leader,腾讯,北京,30k-50k,16,5-10年
微视用户端产品策划,腾讯,北京,30k-50k,0,1-3年
微视级产品运营,腾讯,北京,30k-50k,0,1-3年
腾讯视频VIP活动运营助理,腾讯,成都,6k-9k,0,1-3年
央视频IOS高级开发工程师,腾讯,北京,20k-40k,0,3-5年
央视频Android高级开发工程师,腾讯,北京,20k-40k,0,3-5年
AI技术中台项目经理,腾讯,上海,30k-40k,0,3-5年
QQ浏览器Android开发工程师,腾讯,成都,18k-36k,0,3-5年
腾讯视频移动终端测试开发工程师（深圳）,腾讯,深圳,20k-40k,0,3-5年
播放器引擎开发工程师,腾讯,北京,20k-40k,0,1-3年
企鹅号版权开放平台运营,腾讯,北京,20k-40k,0,不限
企鹅号产品策略分析（产品运营岗P族）,腾讯,北京,20k-40k,0,不限
企鹅号版权策略产品经理,腾讯,北京,20k-40k,0,不限
PCG04-WEB前端高级工程师（深圳）,腾讯,深圳,18k-36k,0,3-5年
增长策略算法工程师,腾讯,北京,35k-50k,0,5-10年
腾讯视频移动客户端开发工程师,腾讯,北京,20k-40k,0,3-5年
腾讯视频融媒体基础后台开发,腾讯,北京,30k-40k,16,3-5年
36811-腾讯新闻高级推荐算法工程师（北京）,腾讯,北京,25k-50k,16,3-5年
PCG22-大前端全栈开发工程师（深圳/上海）,腾讯,深圳,20k-40k,16,3-5年
直播用户运营高级经理,腾讯,深圳,25k-40k,0,3-5年
拍摄玩法高级产品策划,腾讯,深圳,15k-30k,16,3-5年
微视后台开发工程师（业务中台）,腾讯,北京,20k-40k,16,3-5年
内容推荐产品经理（北京）,腾讯,北京,15k-30k,16,3-5年
PCG17-波洞推荐算法工程师（深圳）,腾讯,深圳,20k-40k,0,3-5年
平台治理,腾讯,深圳,15k-25k,0,3-5年
36321-安全策略运营经理（北京）,腾讯,北京,15k-30k,0,3-5年
PCG20-企业文化经理（内容采编）,腾讯,深圳,15k-30k,0,5-10年
PCG20-企业文化经理（企业文化诊断）,腾讯,深圳,15k-30k,0,5-10年
腾讯新闻后台开发工程师,腾讯,北京,30k-60k,16,3-5年
iOS高级开发工程师,腾讯,深圳,20k-40k,0,不限
36811-腾讯新闻高级推荐算法工程师（用户理解）,腾讯,北京,25k-50k,16,3-5年
34455-腾讯体育推荐引擎开发工程师,腾讯,北京,25k-50k,16,3-5年
应用宝视觉设计师,腾讯,深圳,20k-40k,0,3-5年
前端开发/体验开发工程师,腾讯,深圳,18k-30k,0,3-5年
PCG15-增长策略产品经理,腾讯,深圳,20k-40k,0,1-3年
PC/Mac桌面客户端开发,腾讯,上海,23k-45k,0,3-5年
稽核结算分析师,腾讯,成都,6k-9k,0,1-3年
波洞App 增长运营岗位,腾讯,深圳,15k-25k,0,3-5年
创作辅助产品策划,腾讯,深圳,15k-25k,0,3-5年
PCG17-波洞Android开发工程师（深圳）,腾讯,深圳,20k-40k,0,5-10年
PCG17-后台开发工程师（深圳）,腾讯,深圳,20k-40k,0,3-5年
PCG19-推荐算法工程师（北京）,腾讯,北京,20k-40k,0,3-5年
微视数据分析,腾讯,北京,35k-70k,16,5-10年
PCG20-行政经理-子公司行政负责人（天津）,腾讯,天津,35k-43k,0,3-5年
APP合规测试,腾讯,成都,6k-8k,0,不限
评论弹幕内容运营,腾讯,成都,6k-9k,13,1-3年
腾讯SOHO众包平台-前端开发工程师｜大前端,腾讯,深圳,20k-40k,16,3-5年
互动视频Android开发工程师(深圳)(56738),腾讯,深圳,20k-40k,16,1-3年
大数据开发工程师（SRE方向）,腾讯,深圳,30k-60k,15,5-10年
信息流广告运营,腾讯,成都,6k-9k,0,1-3年
安全策略运营经理（北京）,腾讯,北京,15k-30k,0,不限
内容管理岗（全资子公司）,腾讯,成都,6k-9k,0,1-3年
用户增长运营,腾讯,深圳,30k-60k,14,3-5年
30360-手表QQ-Android开发工程师,腾讯,深圳,20k-40k,0,1-3年
PCG-测试开发工程师（深圳）,腾讯,深圳,18k-36k,0,3-5年
企鹅号后台产品经理,腾讯,北京,20k-40k,0,不限
创作端产品经理（深圳）,腾讯,深圳,20k-40k,0,3-5年
推荐算法工程师,腾讯,深圳,20k-40k,0,不限
企鹅号图文质量审核,腾讯,北京,20k-40k,0,不限
QQ小游戏广告运营经理,腾讯,深圳,15k-30k,0,不限
PCG15-互动视频iOS开发工程师,腾讯,深圳,20k-40k,0,1-3年
PCG15-腾讯直播web前端开发,腾讯,深圳,20k-40k,0,1-3年
社区会员运营（用户运营方向）,腾讯,广州,20k-40k,0,3-5年
腾讯视频商务拓展经理（车企方向）,腾讯,北京,20k-30k,16,5-10年
腾讯视频app视觉设计师,腾讯,深圳,20k-40k,16,3-5年
微视Android开发（发布器方向）,腾讯,北京,20k-40k,16,3-5年
PCG22-电商Android开发工程师,腾讯,深圳,25k-50k,0,不限
搜索后台高级开发工程师(北京),腾讯,北京,30k-50k,0,3-5年
35604-商业直播产品中心渠道产品运营,腾讯,深圳,25k-50k,16,3-5年
PCG15-互动视频iOS开发工程师,腾讯,深圳,25k-50k,16,3-5年
PCG20-部门秘书（深圳）,腾讯,深圳,15k-25k,0,3-5年
29912-微视商业化Android开发,腾讯,深圳,20k-40k,0,3-5年
大数据计算平台JAVA后台开发高级工程师,腾讯,深圳,20k-40k,0,3-5年
短视频交互设计师,腾讯,深圳,20k-40k,0,3-5年
TBS Web引擎开发工程师,腾讯,深圳,25k-50k,0,不限
腾讯SOHO众包平台-Java/Golang后台开,腾讯,深圳,20k-40k,0,3-5年
视频数据产品经理,腾讯,深圳,35k-70k,16,5-10年
智能运营策略产品经理,腾讯,深圳,30k-60k,16,5-10年
数据产品经理,腾讯,深圳,25k-50k,16,不限
web前端,腾讯,北京,30k-35k,0,3-5年
QQ产品经理,腾讯,深圳,25k-45k,0,3-5年
30360-QQ小程序产品经理（深圳）,腾讯,深圳,32k-35k,14,1-3年
web前端开发工程师,腾讯,深圳,30k-60k,16,3-5年
PCG20-子公司行政经理-天津/北京/深圳,腾讯,天津,25k-35k,0,不限
腾讯新闻品类拓展运营岗,腾讯,北京,20k-30k,16,3-5年
生态评估,腾讯,成都,6k-8k,0,不限
Golang运营开发工程师,腾讯,深圳,20k-40k,16,1-3年
腾讯在线视频策略分析和业务管理,腾讯,北京,30k-40k,16,5-10年
高级视觉设计师（上海、深圳）,腾讯,深圳,25k-50k,16,3-5年
前端开发工程师,腾讯,深圳,15k-30k,0,1-3年
知识付费内容运营,腾讯,成都,6k-9k,13,1-3年
29912-短视频社区产品经理,腾讯,深圳,35k-55k,0,3-5年
后端开发工程师,腾讯,深圳,45k-60k,16,5-10年
众包-高级商务拓展经理,腾讯,深圳,20k-30k,16,3-5年
30360-QQ增长后台开发工程师,腾讯,深圳,20k-40k,0,1-3年
30360-增长推荐系统算法高级工程师,腾讯,深圳,20k-40k,0,1-3年
PCG17-web前端开发工程师（深圳,腾讯,深圳,15k-25k,0,1-3年
应用宝平台web前端开发,腾讯,深圳,12k-24k,0,1-3年
大数据平台运维开发,腾讯,深圳,30k-45k,0,不限
29912-内容创意策划,腾讯,深圳,15k-30k,0,1-3年
29912-活动策划与传播,腾讯,深圳,15k-30k,0,3-5年
29912-短视频产品运营leader,腾讯,深圳,25k-50k,0,3-5年
车联网架构师,腾讯,深圳,25k-35k,0,5-10年
QQ群产品策划经理,腾讯,深圳,20k-40k,0,不限
29912-微视工具研发中心安卓开发,腾讯,深圳,20k-30k,0,3-5年
29912-平台营销leader,腾讯,深圳,15k-30k,0,5-10年
29912-短视频社区运营,腾讯,深圳,15k-30k,0,5-10年
短视频产品策划经理,腾讯,深圳,20k-40k,0,不限
企鹅号数据产品经理,腾讯,北京,20k-40k,0,不限
火锅社区产品经理（深圳）,腾讯,深圳,20k-40k,0,3-5年
PCG15-互动视频产品策划经理（深圳）,腾讯,深圳,20k-40k,0,3-5年
Android高级开发工程师,腾讯,深圳,25k-35k,14,5-10年
商品营销策划,腾讯,深圳,15k-30k,16,3-5年
40833-分布式NoSQL研发工程师,腾讯,深圳,20k-35k,0,不限
运营巡检,腾讯,成都,6k-9k,0,1-3年
腾讯视频大数据开发工程师,腾讯,深圳,20k-40k,16,不限
29923-相机产品视觉设计师(上海),腾讯,上海,20k-30k,0,3-5年
iOS/Android架构师,腾讯,上海,30k-60k,0,5-10年
PCG—社交平台产品-厘米秀内容运营,腾讯,深圳,15k-25k,0,3-5年
电商产品经理（C端）,腾讯,深圳,20k-30k,0,3-5年
大数据开发工程师,腾讯,深圳,25k-50k,0,3-5年
21309-在线教育—高级Android开发工程师(深圳）,腾讯,深圳,20k-40k,0,3-5年
搜索后台高级开发工程师(深圳),腾讯,深圳,30k-50k,0,3-5年
PCG15-电商直播产品经理（增长方向）,腾讯,深圳,30k-60k,16,不限
29912-微视商业化前端开发工程师,腾讯,深圳,20k-40k,0,3-5年
29912-短视频社区产品经理,腾讯,深圳,20k-40k,0,1-3年
法语内容运营,腾讯,成都,7k-12k,0,1年以下
算法工程师（LB）,腾讯,北京,25k-50k,0,3-5年
PHP后台开发工程师,腾讯,北京,20k-40k,0,3-5年
大数据开发工程师,腾讯,深圳,20k-40k,0,1-3年
用户增长后台开发工程师,腾讯,深圳,20k-40k,0,3-5年
PCG09-信息流高级用户运营经理,腾讯,深圳,15k-30k,0,5-10年
看点快报iOS开发工程师,腾讯,深圳,18k-35k,0,3-5年
合作管理组组长,腾讯,成都,20k-35k,0,5-10年
后台平台开发（深圳）,腾讯,深圳,20k-40k,0,不限
腾讯文档后台Java开发工程师,腾讯,深圳,20k-40k,0,不限
PCG-腾讯视频大数据开发工程师（深圳/北京）,腾讯,深圳,20k-40k,0,1-3年
微视大数据开发工程师,腾讯,北京,30k-60k,16,3-5年
PCG前端nodejs开发工程师,腾讯,深圳,20k-40k,16,1-3年
综合管理岗-商业分析方向,腾讯,深圳,25k-35k,14,3-5年
PCG-战略支持-高级数据科学家,腾讯,深圳,25k-50k,16,3-5年
PCG-战略支持-后台开发工程师,腾讯,深圳,25k-50k,16,3-5年
安全策略运营经理（深圳）,腾讯,深圳,15k-30k,14,不限
逆向工程师,腾讯,深圳,15k-30k,0,不限
Web前端开发工程师,腾讯,深圳,18k-22k,0,3-5年
29912-短视频平台营销运营,腾讯,深圳,15k-30k,0,3-5年
企鹅号Node.js前端开发工程师（北京）,腾讯,北京,25k-40k,0,不限
企鹅号版权变现产品经理,腾讯,北京,20k-40k,0,不限
PCG19-腾讯视频GO/C++后台工程师（深圳）,腾讯,深圳,15k-30k,0,1-3年
火锅APP后台开发工程师（深圳）,腾讯,深圳,20k-40k,0,3-5年
腾讯视频会员前端开发工程师（深圳）,腾讯,深圳,15k-30k,0,1-3年
运营商渠道运营,腾讯,北京,15k-30k,0,1-3年
PCG04-解决方案架构师（售前）（深圳）,腾讯,深圳,20k-40k,0,3-5年
创新项目后台开发工程师,腾讯,深圳,18k-35k,0,3-5年
短视频电商运营leader,腾讯,深圳,30k-50k,0,5-10年
Windows高级开发工程师,腾讯,成都,20k-40k,0,不限
PCG22-客户端安全开发工程师,腾讯,深圳,25k-50k,13,不限
短视频社区产品策划,腾讯,广州,20k-40k,16,3-5年
内容运营（视频运营方向）,腾讯,广州,20k-40k,0,3-5年
灯塔-JavaWeb后台开发工程师,腾讯,深圳,20k-40k,0,3-5年
30360-手机QQ/TIM-Android开发工程师,腾讯,深圳,15k-30k,16,3-5年
安全策略运营经理（产品运营）,腾讯,北京,15k-30k,0,3-5年
20052-搜索推荐产品经理,腾讯,深圳,30k-60k,16,5-10年
直播内容监管高级产品经理,腾讯,深圳,30k-40k,0,5-10年
PCG15-直播安全监管运营,腾讯,深圳,25k-50k,16,3-5年
PCG19-腾讯视频业务中台产品经理（深圳）,腾讯,深圳,20k-40k,16,1-3年
微视后台开发工程师（业务中台）,腾讯,深圳,20k-40k,16,3-5年
腾讯视频NBA业务视觉设计师,腾讯,深圳,16k-30k,16,1-3年
内容推荐产品经理,腾讯,深圳,15k-30k,16,3-5年
腾讯视频数据平台前端工程师,腾讯,深圳,18k-35k,16,不限
腾讯视频数据平台前端工程师（北京）,腾讯,北京,18k-36k,16,不限
PCG22-电商IOS开发工程师,腾讯,深圳,25k-50k,0,不限
应用宝后台开发工程师(Golang),腾讯,深圳,20k-40k,0,不限
29912-增长后台开发工程师,腾讯,北京,20k-40k,0,3-5年
腾讯视频移动端开发工程师（深圳或北京）,腾讯,深圳,20k-40k,0,1-3年
数据增长产品经理,腾讯,上海,15k-25k,0,1-3年
腾讯SOHO众包平台-技术负责人,腾讯,深圳,30k-60k,0,5-10年
PCG04-后端开发工程师（深圳）,腾讯,深圳,18k-35k,0,3-5年
PCG22-电商大数据开发工程师,腾讯,深圳,25k-50k,0,不限
PCG17-波洞Web前端开发工程师（深圳）,腾讯,深圳,20k-40k,0,3-5年
Ai产品经理,腾讯,深圳,20k-40k,0,3-5年
腾讯看点后台开发工程师,腾讯,深圳,20k-40k,0,5-10年
前端开发工程师,腾讯,北京,20k-40k,0,不限
短视频产品高级项目经理（深圳）,腾讯,深圳,15k-30k,16,5-10年
微视社区产品策划——私域方向,腾讯,北京,30k-50k,0,3-5年
知识付费SNS和社群运营,腾讯,成都,6k-9k,13,1-3年
短视频标准化质检,腾讯,成都,6k-9k,13,1-3年
腾讯视频项目及长视频商品运营,腾讯,北京,25k-35k,16,5-10年
前端开发工程师,腾讯,深圳,35k-55k,16,3-5年
40833-QQ业务SRE（深圳）,腾讯,深圳,30k-60k,16,3-5年
腾讯视频音视频交互开发工程师,腾讯,北京,20k-40k,0,3-5年
腾讯视频用户增长策略组长,腾讯,北京,40k-55k,16,5-10年
PCG20-部门秘书（上海）,腾讯,上海,15k-25k,0,3-5年
经营分析交互视觉设计师,腾讯,深圳,25k-50k,16,不限
29912-微视互动产品策划经理,腾讯,深圳,15k-30k,0,1-3年
企鹅号后台开发工程师 (深圳）,腾讯,深圳,25k-40k,0,不限
灯塔Java后台开发高级工程师,腾讯,深圳,20k-40k,0,3-5年
内容平台高级策略分析师,腾讯,北京,20k-40k,0,不限
短视频增长数据产品经理（深圳）,腾讯,深圳,20k-40k,0,3-5年
腾讯视频会员合作产品经理（深圳）,腾讯,深圳,15k-30k,0,3-5年
短视频社区产品经理（深圳）,腾讯,深圳,15k-30k,0,3-5年
Android客户端高级开发工程师,腾讯,成都,20k-40k,0,不限
短视频发布器工具产品策划,腾讯,广州,20k-40k,0,3-5年
腾讯视频海外媒资后台工程师,腾讯,深圳,30k-50k,16,3-5年
21882-医药电商运营经理（北京/深圳/上海）,腾讯,北京,30k-60k,0,5-10年
28481-医疗行业解决方案架构师（北京）,腾讯,北京,30k-60k,0,5-10年
PCG15-直播用户运营高级经理,腾讯,深圳,25k-50k,16,3-5年
PCG22-电商Android开发工程师,腾讯,上海,25k-50k,0,不限
PCG22-广告投放优化师,腾讯,深圳,15k-25k,0,1-3年
35604-用户增长产品经理,腾讯,深圳,25k-50k,16,3-5年
PCG15-电商直播机构运营负责人,腾讯,深圳,30k-60k,16,5-10年
波洞星球产品运营（外包）,腾讯,深圳,6k-11k,0,1-3年
高级产品经理,腾讯,北京,17k-34k,0,3-5年
短视频品类主理人,腾讯,北京,30k-50k,0,5-10年
交互设计师(深圳),腾讯,深圳,15k-30k,0,3-5年
腾讯新闻推荐算法工程师,腾讯,北京,25k-50k,0,5-10年
PCG15-互动视频iOS开发工程师(深圳),腾讯,深圳,20k-40k,0,1-3年
后台及数据开发高级工程师,腾讯,北京,25k-50k,0,5-10年
反作弊研发工程师,腾讯,北京,20k-40k,0,不限
PCG10-QQ浏览器Web前端开发工程师（全栈）,腾讯,深圳,18k-35k,0,3-5年
PCG10-浏览器前端开发工程师（用户增长）,腾讯,深圳,18k-35k,0,3-5年
阿拉伯语内容运营,腾讯,成都,7k-12k,0,1-3年
后台基础建设与DevOps,腾讯,深圳,30k-60k,0,3-5年
PCG22-社交电商高级产品经理,腾讯,深圳,20k-40k,0,5-10年
PCG17-波洞推荐算法工程师（深圳）,腾讯,深圳,20k-40k,0,5-10年
PCG17-波洞后台开发工程师（深圳）,腾讯,深圳,20k-40k,0,不限
视频数据产品经理,腾讯,北京,35k-70k,16,5-10年
30361-质量管理工程师,腾讯,深圳,25k-50k,16,3-5年
腾讯在线视频BU-高级商业分析师,腾讯,北京,30k-40k,16,5-10年
手机QQ-社区平台运营经理,腾讯,深圳,20k-40k,0,3-5年
手机QQ-社区品类策略运营经理,腾讯,深圳,20k-40k,0,3-5年
运维开发工程师,腾讯,深圳,18k-35k,0,不限
ios开发工程师,腾讯,上海,25k-50k,0,3-5年
腾讯视频TV端运营商商务拓展,腾讯,北京,18k-36k,0,3-5年
企鹅号监控系统产品经理,腾讯,北京,20k-40k,0,不限
PCG增长大数据工程师（北京）,腾讯,北京,20k-40k,0,3-5年
QQ高级产品经理,腾讯,深圳,30k-60k,0,不限
短视频前端开发工程师,腾讯,深圳,20k-40k,0,不限
短视频运营经理,腾讯,北京,20k-40k,0,不限
增长算法岗,腾讯,深圳,20k-40k,0,1-3年
数据分析运营经理,腾讯,北京,15k-25k,0,1-3年
腾讯视频音乐频道运营编辑（北京）,腾讯,北京,10k-20k,0,1-3年
PCG04-大数据开发工程师,腾讯,深圳,18k-36k,0,3-5年
21882-医药电商产品经理（北京/深圳/上海）,腾讯,北京,30k-60k,0,5-10年
微视拍摄编辑器移动客户端开发,腾讯,深圳,20k-40k,16,3-5年
后台基础架构开发工程师（深圳）,腾讯,深圳,20k-40k,16,3-5年
微视数据挖掘工程师,腾讯,北京,25k-50k,16,3-5年
小说内容运营,腾讯,深圳,25k-50k,16,不限
PCG15-直播中台高级产品策划经理,腾讯,深圳,25k-50k,16,3-5年
PCG15-电商直播产品经理（增长方向）,腾讯,深圳,30k-60k,16,5-10年
PCG15-直播运营经理,腾讯,深圳,25k-50k,16,3-5年
腾讯SOHO众包平台-解决方案架构师（售前-技术咨询）,腾讯,深圳,25k-50k,16,3-5年
安全策略研发工程师（C++/go）,腾讯,深圳,20k-40k,0,1-3年
35594-用户增长模型算法工程师,腾讯,深圳,25k-50k,16,5-10年
腾讯视频会员业务部渠道中心运营（北京）,腾讯,北京,13k-26k,0,3-5年
数据科学家（北京）,腾讯,北京,30k-60k,0,3-5年
搜索垂类产品经理,腾讯,深圳,2k-4k,0,5-10年
搜索增长策略产品经理,腾讯,深圳,18k-35k,0,3-5年
PCG22-业务管理经理（深圳）,腾讯,深圳,20k-40k,16,不限
企鹅号质量流程管理岗（客服体系）,腾讯,北京,20k-40k,0,不限
前端开发工程师,腾讯,北京,25k-50k,0,3-5年
PCG04-工具链高级后台开发工程师,腾讯,深圳,20k-40k,0,3-5年
PCG04-工具链web前端开发工程师,腾讯,深圳,20k-40k,0,1-3年
用户增长算法工程师,腾讯,深圳,20k-40k,0,5-10年
PCG04-高级后台开发工程师,腾讯,深圳,20k-40k,0,3-5年
高级后台开发工程师,腾讯,深圳,30k-60k,0,1-3年
腾讯看点-用户增长算法工程师,腾讯,北京,15k-30k,0,3-5年
C++后台开发工程师,腾讯,深圳,20k-40k,0,3-5年
前端开发工程师,腾讯,深圳,15k-30k,0,3-5年
腾讯看点商业化IOS开发工程师,腾讯,深圳,18k-35k,0,1-3年
智能运营策略产品经理,腾讯,北京,30k-60k,16,5-10年
QQ-Web前端开发工程师,腾讯,深圳,20k-40k,16,3-5年
渠道合作运营经理,腾讯,深圳,25k-35k,13,3-5年
运营数据分析（AlOps）,腾讯,深圳,20k-40k,16,3-5年
用户增长（留存复购）,腾讯,深圳,20k-40k,0,5-10年
电商类目运营,腾讯,深圳,20k-35k,0,5-10年
直播图文运营,腾讯,成都,6k-9k,0,1-3年
反洗钱专员,腾讯,成都,6k-8k,0,1-3年
PCG-后台开发-信息流推荐后台开发(高级)工程师,腾讯,深圳,20k-40k,0,1-3年
PCG15-B侧主播产品运营经理（深圳）,腾讯,深圳,18k-20k,0,3-5年
PCG15-互动视频iOS开发工程师(深圳),腾讯,深圳,18k-20k,0,3-5年
社交娱乐高级产品策划,腾讯,深圳,20k-40k,0,不限
29912-工具研发中心iOS开发,腾讯,深圳,20k-30k,0,3-5年
PCG15-互动视频Android开发工程师,腾讯,深圳,18k-25k,0,1-3年
29912-用户运营-创作者方向,腾讯,深圳,15k-30k,0,5-10年
推荐评测工程师,腾讯,深圳,18k-35k,0,1-3年
企鹅号后台产品经理,腾讯,深圳,20k-40k,0,不限
企鹅号监控分析师,腾讯,北京,20k-40k,0,不限
企鹅号版权管理合作运营,腾讯,北京,20k-40k,0,5-10年
企鹅号版权管理合作运营,腾讯,深圳,20k-40k,0,5-10年
PCG04-测试开发工程师（深圳）,腾讯,深圳,18k-35k,0,3-5年
29912-发布器效果产品经理,腾讯,深圳,15k-30k,0,3-5年
增长工具开发工程师,腾讯,北京,20k-40k,0,3-5年
手机QQ小程序引擎iOS开发,腾讯,深圳,20k-40k,0,1-3年
创新项目Android开发工程师,腾讯,深圳,18k-35k,0,5-10年
短视频产品经理,腾讯,深圳,15k-30k,0,3-5年
30359-灯塔-增长策略高级产品经理,腾讯,深圳,10k-20k,0,3-5年
PCG15-互动视频Android开发工程师,腾讯,深圳,20k-40k,0,1-3年
PCG04-后台开发高级工程师,腾讯,深圳,18k-36k,0,5-10年
创新项目自然语言处理研究员（深圳）,腾讯,深圳,18k-35k,0,5-10年
腾讯视频生态电商运营,腾讯,北京,20k-30k,16,3-5年
波洞数据分析师,腾讯,深圳,20k-40k,15,3-5年
企鹅号平台合作产品,腾讯,深圳,20k-35k,0,3-5年
海外浏览器后台开发,腾讯,成都,15k-30k,0,1-3年
PCG22-中台android开发工程师（上海/深圳）,腾讯,上海,20k-40k,16,3-5年
21882-腾讯医典高级前端开发（深圳/北京）,腾讯,北京,30k-60k,0,5-10年
28481-医疗数据后台开发高级工程师,腾讯,深圳,30k-60k,0,5-10年
28481-腾讯医疗数据中台前端开发,腾讯,深圳,30k-60k,0,5-10年
30360-手机QQ/TIM-后台开发,腾讯,深圳,15k-30k,16,3-5年
天天P图相机效果类产品策划岗,腾讯,上海,20k-30k,16,3-5年
21309-在线教育--腾讯课堂高级产品策划经理（平台）,腾讯,深圳,15k-30k,0,1-3年
21309-在线教育部--腾讯课堂增长产品经理（深圳）,腾讯,深圳,15k-30k,0,1-3年
客厅视频Android客户端开发,腾讯,深圳,16k-30k,14,1-3年
电商类目运营,腾讯,深圳,20k-35k,0,5-10年
35603-游戏行业运营经理,腾讯,深圳,25k-50k,16,3-5年
35604-直播平台产品经理,腾讯,深圳,25k-50k,16,3-5年
高级招聘专员（深圳）,腾讯,深圳,18k-36k,0,3-5年
腾讯视频Android开发工程师,腾讯,深圳,25k-35k,16,3-5年
PCG15-互动视频Android开发工程师(深圳,腾讯,深圳,20k-40k,0,1-3年
PCG10-c++后台开发高级工程师,腾讯,深圳,18k-35k,0,3-5年
PCG22-电商用户运营,腾讯,深圳,15k-30k,0,1-3年
腾讯视频增长系统前端开发（北京）,腾讯,北京,20k-40k,0,1-3年
腾讯看点商业化Android开发工程师,腾讯,深圳,18k-35k,0,1-3年
内容商业化运营经理/高级运营经理,腾讯,深圳,30k-60k,0,3-5年
29912-微视音乐内容运营,腾讯,北京,15k-30k,0,1-3年
PCG15-互动视频web前端开发（深圳）,腾讯,深圳,18k-25k,0,1-3年
29912-社区运营团队leader,腾讯,深圳,15k-30k,0,5-10年
内容平台高级策略分析师,腾讯,深圳,20k-40k,0,不限
企鹅号策略产品经理-作者成长机制,腾讯,北京,20k-40k,0,不限
企鹅号图库产品产品经理,腾讯,北京,20k-40k,0,不限
PCG04-ios开发工程师（深圳）,腾讯,深圳,20k-40k,0,3-5年
Data Scientist - 机器学习,腾讯,深圳,40k-80k,0,5-10年
渠道运营-用户增长方向（外聘）,腾讯,深圳,7k-12k,0,1-3年
创新项目自然语言处理研究员（深圳）,腾讯,深圳,18k-35k,0,5-10年
短视频直播运营leader,腾讯,深圳,30k-50k,0,5-10年
高级后台开发工程师（深圳）,腾讯,深圳,20k-40k,0,3-5年
创新项目产品经理,腾讯,深圳,15k-30k,0,1-3年
计算机视觉算法研究员（深圳）,腾讯,深圳,18k-35k,0,5-10年
相亲类产品高级运营经理,腾讯,深圳,30k-50k,0,3-5年
增长平台研发工程师,腾讯,北京,35k-50k,0,5-10年
c++后台开发工程师,腾讯,深圳,20k-40k,0,3-5年
golang后台开发工程师,腾讯,深圳,20k-40k,0,3-5年
17757-腾讯新闻数据开发工程师,腾讯,北京,1k-2k,0,1-3年
推荐中台SRE,腾讯,深圳,25k-50k,0,3-5年
腾讯新闻策略产品经理-创作者体系,腾讯,北京,25k-35k,16,5-10年
高级产品经理（海外浏览器核心功能方向）,腾讯,成都,20k-40k,0,3-5年
反作弊移动端开发工程师（android、iOS）,腾讯,深圳,25k-50k,0,1-3年
腾讯视频TV应用后台开发工程师,腾讯,深圳,15k-30k,16,不限
微视3D特效引擎开发工程师,腾讯,深圳,20k-40k,16,3-5年
小世界内容体系后台开发,腾讯,深圳,20k-40k,0,不限
PCG22-电商IOS开发工程师,腾讯,上海,25k-50k,0,不限
客户端安全高级工程师,腾讯,深圳,25k-50k,0,1-3年
Android 研发工程师,腾讯,合肥,15k-25k,14,1-3年
腾讯体育推荐算法工程师,腾讯,北京,30k-60k,16,3-5年
腾讯PCG后台开发,腾讯,深圳,20k-40k,0,3-5年
腾讯视频VIP后台开发工程师(深圳),腾讯,深圳,17k-34k,0,3-5年
时尚生活版权媒介统筹,腾讯,北京,15k-30k,0,5-10年
技术研发,腾讯,深圳,30k-60k,0,3-5年
数据开发工程师,腾讯,北京,25k-50k,0,3-5年
语音直播商业化产品经理,腾讯,深圳,15k-30k,0,1-3年
用户增长前端开发工程师,腾讯,深圳,15k-30k,0,3-5年
用户增长模型算法工程师,腾讯,深圳,20k-40k,0,3-5年
海外浏览器Android开发,腾讯,成都,15k-30k,0,1-3年
腾讯视频 动漫频道运营（北京）,腾讯,北京,11k-22k,0,3-5年
SOHO众包平台-Android/iOS开发工程师,腾讯,深圳,20k-40k,0,3-5年
增值研发后台开发,腾讯,深圳,20k-40k,0,1-3年
A/B Test实验平台高级后台开发工程师,腾讯,深圳,30k-60k,16,不限
初级数据分析师,腾讯,深圳,10k-20k,16,不限
腾讯动漫投资公司招聘经理,腾讯,广州,10k-20k,14,3-5年
商业化高级营销策划经理,腾讯,深圳,3k-6k,0,3-5年
27092-内容商业化运营经理（深圳）,腾讯,深圳,20k-40k,0,3-5年
30360-手Q-iOS开发工程师（深圳）,腾讯,深圳,20k-40k,0,1-3年
30360-手表QQ后台平台开发（深圳）,腾讯,深圳,20k-40k,0,1-3年
PCG15-互动视频大数据分析高级工程师,腾讯,深圳,18k-25k,0,1-3年
腾讯视频会员数据产品经理（北京）,腾讯,北京,20k-30k,0,3-5年
腾讯视频VIP会员交互设计师,腾讯,深圳,15k-30k,0,1-3年
增长大数据开发工程师,腾讯,北京,25k-40k,0,5-10年
29923-概念视觉设计师,腾讯,上海,20k-30k,0,1-3年
音乐运营（音乐策划方向）,腾讯,广州,20k-40k,0,3-5年
推荐策略产品经理,腾讯,北京,20k-40k,16,3-5年
PCG22-中台android开发工程师（深圳/上海）,腾讯,深圳,20k-40k,16,3-5年
PCG22-电商iOS开发工程师（上海/深圳）,腾讯,上海,20k-40k,16,3-5年
安全策略运营经理（原创&视听）,腾讯,北京,15k-30k,0,3-5年
PCG22-安全与风险策略产品运营（深圳）,腾讯,深圳,15k-30k,16,3-5年
社交创新产品Android开发工程师,腾讯,深圳,25k-35k,16,3-5年
搜索策略产品经理,腾讯,深圳,25k-50k,16,3-5年
PCG-数据中台产品经理,腾讯,深圳,25k-50k,0,不限
增长中台交互设计师,腾讯,深圳,15k-30k,0,1-3年
PCG15-互动视频web前端开发（深圳）,腾讯,深圳,20k-40k,0,1-3年
视频高级产品经理,腾讯,北京,15k-30k,0,3-5年
增长后台业务开发,腾讯,北京,30k-60k,0,3-5年
用户增长数据科学家,腾讯,深圳,20k-40k,0,3-5年
PCG22-创新项目市场营销,腾讯,深圳,15k-30k,0,3-5年
PCG22-电商后台开发工程师,腾讯,深圳,25k-50k,0,不限
PCG22-电商事务开发工程师（支付系统）,腾讯,深圳,25k-50k,0,不限
PCG22-高级商家运营,腾讯,深圳,20k-40k,0,5-10年
PCG17-波洞数据分析工程师（深圳）,腾讯,深圳,20k-40k,0,3-5年
可靠性团队负责人 (SRE Team Lead),腾讯,深圳,40k-70k,0,10年以上
golang/PHP后台开发工程师,腾讯,北京,20k-40k,0,不限
流程优化管理,腾讯,成都,15k-30k,0,5-10年
PCG客户端开发工程师,腾讯,深圳,20k-40k,16,1-3年
微视社区产品运营——私域方向,腾讯,深圳,25k-45k,0,3-5年
移动客户端开发工程师,腾讯,上海,20k-40k,15,不限
腾讯视频音乐版权合作商务经理,腾讯,北京,20k-40k,16,5-10年
PCG20-行政规划经理,腾讯,深圳,25k-40k,0,1-3年
PCG22-PCG经营分析(深圳),腾讯,深圳,36k-45k,0,1-3年
PCG04-后台开发工程师,腾讯,深圳,18k-36k,0,3-5年
30359-数据挖掘高级工程师,腾讯,深圳,18k-36k,0,3-5年
30360-windows客户端应用开发,腾讯,深圳,20k-40k,0,1-3年
腾讯视频VIP会员视觉设计师,腾讯,深圳,15k-30k,0,3-5年
Web前端开发岗位（深圳）,腾讯,深圳,15k-30k,0,3-5年
PCG15-增长产品经理,腾讯,深圳,15k-30k,0,3-5年
PCG04-研发效能改进工程师,腾讯,深圳,18k-35k,0,3-5年
创新项目后台开发工程师（深圳）,腾讯,深圳,18k-35k,0,5-10年
iOS高级开发工程师,腾讯,深圳,20k-40k,0,3-5年
腾讯新闻 数据挖掘/算法工程师,腾讯,北京,25k-50k,0,3-5年
29923-特效视觉设计师,腾讯,上海,20k-30k,0,1-3年
腾讯视频电商招商&供应链建设,腾讯,北京,20k-30k,16,5-10年
PCG19-腾讯视频web前端开发工程师（北京/深圳）,腾讯,北京,20k-40k,16,3-5年
PCG-广告增长高级算法工程师,腾讯,深圳,20k-40k,16,1-3年
36811-腾讯新闻推荐引擎开发工程师,腾讯,深圳,25k-50k,16,3-5年
PCG22-电商iOS开发工程师（深圳/上海）,腾讯,深圳,20k-40k,16,3-5年
PCG22-电商android开发工程师（上海/深圳）,腾讯,上海,20k-40k,16,3-5年
腾讯新闻要闻运营编辑,腾讯,北京,20k-40k,0,3-5年
海外浏览器推荐算法工程师,腾讯,成都,18k-35k,0,1-3年
图像算法工程师,腾讯,深圳,20k-40k,0,1-3年
效果工具产品策划,腾讯,深圳,15k-30k,16,3-5年
海外内容运营负责人,腾讯,成都,30k-60k,0,5-10年
PCG15-GO/C++/Java后台开发工程师,腾讯,深圳,25k-50k,16,3-5年
36811-腾讯新闻策略产品经理,腾讯,北京,25k-50k,16,3-5年
项目经理,腾讯,深圳,15k-30k,0,3-5年
腾讯新闻内容生态策略高级产品经理,腾讯,北京,30k-40k,0,5-10年
29912-微视商业化后台开发工程师,腾讯,深圳,20k-40k,0,3-5年
PCG15-商业分析师,腾讯,深圳,20k-40k,0,3-5年
29912-短视频直播运营,腾讯,深圳,20k-40k,0,5-10年
29912-短视频电商运营,腾讯,深圳,20k-40k,0,5-10年
腾讯视频会员渠道业务策略分析,腾讯,北京,15k-30k,0,3-5年
数据科学家（深圳）,腾讯,深圳,30k-60k,0,1-3年
腾讯视频内容运营（成都）,腾讯,成都,6k-8k,0,1-3年
PCG15-互动视频音视频开发工程师（深圳）,腾讯,深圳,20k-40k,0,1-3年
质量保障组组长,腾讯,成都,20k-35k,0,5-10年
质量保障组主管,腾讯,重庆,15k-28k,0,3-5年
灯塔终端开发高级工程师,腾讯,深圳,20k-40k,0,1-3年
大数据高级开发工程师,腾讯,深圳,20k-40k,0,3-5年
手机QQ-ios开发工程师（深圳）,腾讯,深圳,20k-40k,0,不限
腾讯看点商业化后台开发工程师,腾讯,深圳,18k-35k,0,1-3年
电商后台开发工程师,腾讯,深圳,30k-40k,16,3-5年
腾讯视频高级活动运营经理（用户增长方向）,腾讯,北京,25k-35k,16,5-10年
c++开发工程师,腾讯,深圳,25k-50k,14,1-3年
社交创新开发iOS岗位,腾讯,深圳,20k-40k,0,不限
手机QQ Android开发工程师,腾讯,深圳,20k-40k,0,1-3年
腾讯视频短视频用户增长产品经理（深圳）,腾讯,深圳,20k-40k,0,3-5年
腾讯视频短视频数据产品经理（深圳）,腾讯,深圳,20k-40k,0,3-5年
高级后台开发工程师,腾讯,深圳,25k-45k,0,5-10年
喜剧创作者资深运营,腾讯,北京,20k-40k,0,3-5年
短视频资深商务拓展,腾讯,北京,20k-40k,0,3-5年
腾讯视频数据平台前端工程师,腾讯,深圳,20k-40k,16,不限
腾讯视频综艺节目市场营销,腾讯,北京,20k-40k,0,3-5年
海外浏览器前端开发,腾讯,成都,15k-30k,0,1-3年
PCG22-安全与风险数据科学家（深圳）,腾讯,深圳,20k-40k,16,3-5年
直播中台结算产品经理,腾讯,深圳,20k-40k,0,3-5年
微视前端开发工程师（发布器方向）,腾讯,深圳,20k-40k,16,3-5年
后台开发工程师（发布器方向）（深圳）,腾讯,深圳,20k-40k,16,3-5年
微视Android开发（发布器方向）,腾讯,深圳,20k-40k,16,3-5年
后台基础架构开发工程师（北京）,腾讯,北京,20k-40k,16,3-5年
微视前端开发工程师,腾讯,北京,20k-40k,16,3-5年
腾讯新闻前端开发工程师,腾讯,北京,30k-60k,16,3-5年
技术中台前端开发工程师,腾讯,深圳,20k-30k,0,3-5年
35594-策略产品负责人,腾讯,深圳,30k-60k,16,5-10年
腾讯视频TV端交互设计师（深圳）,腾讯,深圳,15k-30k,0,3-5年
企鹅影视经纪人,腾讯,北京,20k-30k,0,5-10年
PCG22-电商频道运营,腾讯,深圳,15k-30k,0,3-5年
PCG22-电商平台运营,腾讯,深圳,15k-30k,0,3-5年
PCG22-电商场景运营,腾讯,深圳,15k-30k,0,1-3年
腾讯文档ios开发工程师,腾讯,深圳,20k-40k,0,1-3年
PCG研发部-Web前端开发工程师,腾讯,深圳,15k-30k,0,3-5年
Android终端开发工程师（深圳）,腾讯,深圳,18k-36k,0,3-5年
数仓高级开发工程师,腾讯,北京,25k-40k,0,5-10年
C++后台开发工程师,腾讯,深圳,20k-40k,0,3-5年
灯塔-测试开发高级工程师,腾讯,深圳,20k-40k,0,5-10年
PCG19-商业化大数据高级开发工程师（深圳）,腾讯,深圳,20k-40k,0,1-3年
PCG19-腾讯视频机器学习算法高级工程师（北京）,腾讯,北京,20k-40k,0,3-5年
PCG19-腾讯视频机器学习算法工程师（北京）,腾讯,北京,20k-40k,0,1-3年
PCG19-腾讯视频推荐后台开发工程师（深圳）,腾讯,深圳,20k-40k,0,3-5年
腾讯看点商业化前端开发工程师,腾讯,深圳,18k-35k,0,1-3年
腾讯新闻科技财经内容运营分析,腾讯,北京,10k-15k,0,3-5年
腾讯视频增长算法工程师,腾讯,北京,30k-45k,16,5-10年
电商Web前端开发工程师,腾讯,深圳,30k-40k,16,3-5年
golang后台开发工程师,腾讯,深圳,20k-40k,16,1-3年
运营开发工程师,腾讯,深圳,20k-40k,16,1-3年
后台开发工程师,腾讯,深圳,20k-40k,16,1-3年
实验平台高级终端开发工程师（深圳&北京）,腾讯,深圳,30k-60k,16,不限
30360-用户增长数据挖掘高级工程师,腾讯,深圳,20k-40k,0,3-5年
波洞VIP体系产品运营经理,腾讯,深圳,18k-25k,0,1-3年
30359-PHP后台开发工程师,腾讯,深圳,15k-30k,0,3-5年
29912-音乐运营负责人,腾讯,北京,25k-50k,0,5-10年
社交娱乐高级产品运营经理,腾讯,深圳,20k-40k,0,3-5年
QQ社交产品经理,腾讯,深圳,25k-50k,0,不限
数据运营（PM）,腾讯,北京,15k-30k,0,3-5年
PCG04-高级数据分析工程师（深圳）,腾讯,深圳,18k-35k,0,3-5年
企鹅号平台产品经理,腾讯,北京,20k-40k,0,不限
艺人宣传,腾讯,北京,20k-40k,0,不限
Data Scientist - Analytic,腾讯,深圳,30k-60k,0,3-5年
短视频创作者运营,腾讯,北京,20k-40k,0,1-3年
微剧制片人,腾讯,北京,20k-40k,0,3-5年
创新项目大数据开发工程师（深圳）,腾讯,深圳,15k-30k,0,3-5年
新闻用户增长数据平台开发工程师,腾讯,北京,25k-50k,0,3-5年
29923-高级UI设计师(上海),腾讯,上海,20k-30k,0,3-5年
内容审核主管（南昌）,腾讯,南昌,10k-16k,14,5-10年
推荐内容管理,腾讯,重庆,5k-8k,0,1-3年
c++高级开发工程师,腾讯,深圳,25k-35k,16,不限
PCG22-电商Web前端开发工程师,腾讯,深圳,20k-40k,0,3-5年
上海-深度学习推理引擎研发与并行计算工程师,腾讯,上海,25k-50k,0,3-5年
iOS/Android开发工程师,腾讯,上海,25k-50k,0,3-5年
小世界后台开发工程师,腾讯,深圳,20k-40k,0,不限
腾讯文档后台开发工程师（深圳）,腾讯,深圳,20k-40k,0,不限
PCG19-AI后台高级开发工程师(深圳),腾讯,深圳,20k-40k,16,不限
PCG19-腾讯视频基础后台开发工程师（深圳）,腾讯,深圳,20k-40k,16,不限
【深圳】中台产品经理,腾讯,深圳,20k-40k,16,3-5年
35603-数据分析/挖掘工程师（深圳）,腾讯,深圳,25k-50k,16,3-5年
35603-腾讯看点商业化产品经理,腾讯,深圳,25k-50k,16,3-5年
35603-腾讯看点商业化高级产品经理,腾讯,深圳,25k-50k,16,3-5年
电商玩法运营,腾讯,深圳,25k-50k,0,不限
腾讯视频iOS开发工程师,腾讯,深圳,25k-35k,16,3-5年
PCG22-渠道拓展,腾讯,深圳,15k-30k,0,3-5年
PCG22-创新项目社群运营,腾讯,深圳,15k-30k,0,3-5年
29911-UI工程师,腾讯,北京,15k-30k,0,1-3年
PCG09-信息流内容策略产品经理,腾讯,深圳,15k-30k,0,5-10年
PCG09-用户增长高级算法工程师,腾讯,深圳,20k-40k,0,5-10年
腾讯文档Android开发工程师,腾讯,深圳,20k-40k,0,1-3年
PCG22-电商B端产品经理,腾讯,深圳,20k-40k,16,5-10年
电商高级产品经理（C端）,腾讯,深圳,20k-40k,16,5-10年
高级商务拓展经理,腾讯,深圳,25k-35k,13,3-5年
腾讯视频短视频生态策略分析岗,腾讯,北京,25k-35k,16,5-10年
多媒体设计师,腾讯,深圳,35k-65k,16,5-10年
视觉创意设计师（广州））,腾讯,深圳,25k-50k,16,3-5年
生态电商运营,腾讯,成都,6k-9k,0,1-3年
iOS 高级开发工程师,腾讯,深圳,25k-50k,0,3-5年
信息流后台高级开发工程师,腾讯,深圳,25k-50k,0,3-5年
30361-WEB前端工程师(北京),腾讯,北京,20k-40k,0,1-3年
灯塔ios开发高级工程师,腾讯,深圳,18k-22k,0,3-5年
30361-iOS开发工程师,腾讯,上海,21k-42k,0,3-5年
创新项目IOS开发工程师（深圳）,腾讯,深圳,18k-35k,0,5-10年
创新项目自然语言处理研究员（深圳）,腾讯,深圳,18k-35k,0,5-10年
29912-微视拍摄编辑器Android开发,腾讯,深圳,20k-40k,0,3-5年
高级测试开发工程师,腾讯,深圳,18k-35k,0,3-5年
PCG04-系统运维工程师（深圳）,腾讯,深圳,18k-35k,0,3-5年
后台开发工程师（深圳）,腾讯,深圳,20k-40k,0,3-5年
ios开发工程师,腾讯,深圳,20k-40k,0,3-5年
Web前端开发工程师（深圳）,腾讯,深圳,20k-40k,0,1-3年
QQ社交创新产品Android开发工程师,腾讯,深圳,20k-40k,16,1-3年
29912-微视前端开发工程师（效能运营方向）,腾讯,深圳,20k-40k,16,3-5年
35603-腾讯看点商业内容高级策略产品经理,腾讯,深圳,25k-50k,16,3-5年
35604-数据分析师,腾讯,深圳,25k-50k,16,3-5年
腾讯视频VIP产品经理（深圳）,腾讯,深圳,16k-32k,0,3-5年
波洞星球社区平台运营,腾讯,深圳,15k-25k,0,1-3年
企鹅号媒体服务平台产品经理,腾讯,深圳,18k-30k,0,1-3年
浏览器iOS开发工程师,腾讯,深圳,18k-30k,0,1-3年
PCG10-用户增长后台开发工程师,腾讯,深圳,18k-35k,0,3-5年
PCG10-浏览器后台开发工程师（用户增长）,腾讯,深圳,18k-35k,0,3-5年
腾讯视频TV产品经理（深圳）,腾讯,深圳,15k-30k,0,3-5年
29912-微视音乐内容运营,腾讯,北京,20k-40k,0,3-5年
热点产品策划,腾讯,深圳,15k-25k,0,3-5年
数据科学家（深圳）,腾讯,深圳,18k-30k,0,5-10年
PCG22-电商营销增长后台开发工程师,腾讯,深圳,25k-50k,0,不限
【腾讯直招】内容运营分析,腾讯,重庆,11k-20k,0,3-5年
【腾讯子公司招聘】出纳,腾讯,成都,5k-7k,0,3-5年
腾讯文档WEB前端开发工程师,腾讯,深圳,20k-40k,0,不限
腾讯看点数据挖掘/数据分析工程师,腾讯,深圳,18k-35k,0,3-5年
PCG20-高管秘书（深圳）,腾讯,深圳,15k-25k,0,5-10年
腾讯新闻科技财经领域内容资深策划,腾讯,北京,10k-15k,0,3-5年
PCG17-直播运营,腾讯,深圳,25k-50k,16,3-5年
PCG17-直播营收内容运营-礼物方向,腾讯,深圳,20k-40k,16,3-5年
PCG17-QQ小游戏客户端高级工程师,腾讯,深圳,35k-60k,16,5-10年
腾讯文档客户端工程师,腾讯,深圳,30k-35k,0,3-5年
29913-厂商高级渠道拓展经理（深圳）,腾讯,深圳,30k-60k,0,3-5年
29913-权益中台产品经理（深圳）,腾讯,深圳,30k-60k,0,1-3年
内容管理岗（腾讯全资子公司）（重庆）,腾讯,重庆,5k-8k,13,1-3年
PCG15-电商内容运营经理,腾讯,深圳,20k-40k,0,3-5年
微剧/微综资深运营（北京）,腾讯,北京,20k-40k,0,3-5年
29923-多媒体视觉设计师(2D方向),腾讯,上海,20k-30k,0,1-3年
29923-多媒体视觉设计师(3D方向),腾讯,上海,20k-30k,0,1-3年
高级java开发工程师,腾讯,深圳,30k-50k,16,5-10年
艺术频道内容运营,腾讯,成都,6k-9k,0,1-3年
ios高级开发工程师,腾讯,深圳,25k-35k,16,不限
腾讯视频移动端开发,腾讯,深圳,30k-50k,16,3-5年
PCG22-电商android开发工程师（深圳/上海）,腾讯,深圳,20k-40k,16,3-5年
视频终端开发工程师,腾讯,深圳,20k-40k,14,3-5年
腾讯文档开放平台Golang后台开发工程师（深圳）,腾讯,深圳,20k-40k,0,不限
平台服务运营,腾讯,深圳,15k-25k,0,3-5年
后台开发工程师（品类）,腾讯,深圳,25k-50k,16,1-3年
35603-腾讯看点商业化策略产品经理,腾讯,深圳,25k-50k,16,3-5年
企鹅号数据开发工程师,腾讯,北京,20k-40k,0,不限
29912-生态策略产品经理（北京）,腾讯,北京,20k-40k,0,3-5年
平台产品经理（电商方向）,腾讯,深圳,20k-40k,0,3-5年
算法工程师自然语言处理,腾讯,北京,25k-50k,0,3-5年
视觉设计师,腾讯,深圳,20k-40k,0,3-5年
腾讯视频web前端开发工程师,腾讯,深圳,20k-40k,0,5-10年
自制综艺节目制片人,腾讯,北京,20k-40k,0,5-10年
体育业务运维高级工程师,腾讯,北京,20k-35k,0,5-10年
后台研发,腾讯,深圳,3k-4k,0,1-3年
后台开发C++,腾讯,深圳,30k-60k,0,3-5年
增长后台业务开发,腾讯,深圳,30k-60k,0,3-5年
技术研发类,腾讯,深圳,30k-60k,0,3-5年
语音直播用户运营经理,腾讯,深圳,15k-30k,0,1-3年
PCG04-工具链平台web前端开发（深圳）,腾讯,深圳,18k-36k,0,1-3年
招聘经理,腾讯,深圳,20k-28k,0,5-10年
大数据开发工程师,腾讯,深圳,18k-30k,0,5-10年
腾讯 AlloyTeam Web 前端开发,腾讯,深圳,25k-45k,0,3-5年
腾讯视频会员VIP异业渠道商务经理（北京）,腾讯,北京,13k-25k,0,1-3年
45355-短视频结算策略资深运营,腾讯,北京,20k-40k,16,5-10年
短视频内容策略资深运营,腾讯,北京,20k-40k,16,3-5年
腾讯新闻要闻品类策略,腾讯,北京,20k-30k,16,1-3年
iOS 高级开发工程师,腾讯,深圳,35k-50k,15,3-5年
PCG17-QQ小游戏平台高级产品经理,腾讯,深圳,40k-80k,16,5-10年
PCG17-游戏平台产品策划,腾讯,深圳,35k-70k,16,5-10年
QQ高级增长运营,腾讯,深圳,20k-40k,16,3-5年
29913-厂商策略分析岗（深圳）,腾讯,深圳,30k-60k,0,1-3年
29913-厂商渠道合作运营经理,腾讯,深圳,30k-60k,0,3-5年
腾讯视频移动端开发（北京）,腾讯,北京,30k-50k,16,3-5年
java后台开发工程师,腾讯,深圳,25k-50k,14,1-3年
企鹅号后台开发高级工程师（北京）,腾讯,北京,25k-40k,0,不限
PCG04-腾讯视频Web质量测试工程师（深圳）,腾讯,深圳,20k-40k,0,3-5年
企鹅号策略产品经理-原创方向,腾讯,北京,20k-40k,0,不限
企鹅号策略产品经理-反作弊方向,腾讯,北京,20k-40k,0,不限
29912-微视发布器工具产品经理,腾讯,深圳,15k-30k,0,3-5年
PCG19-腾讯视频GO/C++后台工程师,腾讯,深圳,10k-20k,0,1-3年
数据分析-增长,腾讯,深圳,20k-40k,0,1-3年
推荐系统,腾讯,深圳,30k-60k,0,5-10年
火锅短视频内容运营(How-To 方向,腾讯,北京,15k-30k,0,3-5年
腾讯视频儿童版移动终端测试开发工程师（北京）,腾讯,北京,18k-35k,0,3-5年
商业线高级视觉设计师,腾讯,深圳,18k-35k,0,3-5年
PCG04-解决方案架构师（售前）,腾讯,深圳,18k-35k,0,5-10年
腾讯视频VIP产品经理(深圳),腾讯,深圳,15k-25k,0,1-3年
29912-短视频电商运营,腾讯,深圳,20k-40k,0,5-10年
质检主管,腾讯,成都,12k-15k,13,3-5年
招聘专员,腾讯,成都,7k-10k,13,3-5年
运营主管,腾讯,重庆,10k-15k,13,3-5年
PCG20-部门秘书（北京）,腾讯,北京,15k-25k,0,3-5年
PCG22-创新项目-渠道策略（用户增长）,腾讯,深圳,15k-25k,0,3-5年
PCG22-电商分销渠道运营,腾讯,深圳,15k-25k,0,3-5年
前端开发工程师,腾讯,深圳,20k-40k,16,3-5年
运营开发工程师,腾讯,深圳,25k-50k,0,3-5年
21309-在线教育—高级iOS开发工程师（深圳）,腾讯,深圳,20k-40k,0,3-5年
数据平台产品体验设计师,腾讯,深圳,20k-40k,0,1-3年
TBS终端开发工程师,腾讯,深圳,20k-35k,16,3-5年
搜索数据分析产品经理,腾讯,深圳,15k-30k,0,1-3年
技术中台高级工程师,腾讯,深圳,20k-40k,0,3-5年
数据分析师,腾讯,深圳,15k-30k,0,3-5年
29912-视觉算法（深圳）,腾讯,深圳,20k-40k,0,3-5年
增长平台研发工程师,腾讯,北京,20k-40k,0,5-10年
PCG17-波洞iOS开发工程师（深圳）,腾讯,深圳,20k-40k,0,3-5年
PCG09-信息流视频内容专家(CV方向),腾讯,深圳,20k-40k,0,5-10年
内容运营分析,腾讯,成都,11k-20k,0,3-5年
腾讯视频数据运营（成都）,腾讯,成都,6k-8k,0,1-3年
JAVA高级工程师,腾讯,深圳,20k-40k,0,3-5年
测试开发高级工程师,腾讯,深圳,20k-40k,0,3-5年
腾讯看点商业化广告算法高级研究员,腾讯,深圳,25k-45k,0,3-5年
腾讯视频VIP支付产品经理（深圳）,腾讯,深圳,17k-30k,0,3-5年
14703-Web引擎开发工程师,腾讯,合肥,20k-35k,0,3-5年
电商中台产品经理,腾讯,深圳,25k-40k,16,5-10年
29913-厂商综合管理岗（深圳）,腾讯,深圳,30k-60k,0,3-5年
29913-厂商高级渠道拓展经理（北京）,腾讯,北京,30k-60k,0,3-5年
电商iOS开发工程师（上海）,腾讯,上海,20k-40k,16,3-5年
创新项目iOS开发工程师（深圳）,腾讯,深圳,25k-50k,16,3-5年
33672-融媒体运营开发,腾讯,北京,20k-40k,0,不限
PCG22-电商类目运营,腾讯,深圳,15k-30k,16,3-5年
PCG15-腾讯直播中台web前端开发,腾讯,深圳,25k-50k,16,3-5年
融媒体搜索技术高级工程师（北京）,腾讯,北京,20k-40k,16,5-10年
数据产品经理-OLAP分析平台方向,腾讯,北京,20k-40k,16,3-5年
数据产品经理-数据开发平台方向,腾讯,深圳,20k-40k,16,3-5年
数据产品经理-数据应用方向,腾讯,深圳,20k-40k,16,3-5年
电商智能系统后台开发工程师,腾讯,上海,25k-50k,16,3-5年
腾讯视频VIP后台开发工程师(深圳),腾讯,深圳,20k-30k,0,1-3年
腾讯视频会员数据分析工程师（深圳）,腾讯,深圳,20k-30k,0,3-5年
29912-高级产品经理-微视,腾讯,深圳,15k-30k,0,5-10年
短视频微剧运营岗位（北京）,腾讯,北京,15k-30k,0,1-3年
27730-火锅短视频生活品类运营岗位（北京）,腾讯,北京,15k-30k,0,1-3年
客户端开发高级工程师,腾讯,深圳,20k-40k,0,1-3年
PCG22-虚拟类目运营,腾讯,深圳,15k-30k,16,3-5年
21309-在线教育--腾讯课堂高级产品策划经理（用户增长）,腾讯,深圳,15k-30k,0,1-3年
社交创新产品Android开发工程师,腾讯,深圳,25k-35k,16,3-5年
SU6813-客服质检,哔哩哔哩,武汉,4k-8k,15,1-3年
客服经理,哔哩哔哩,武汉,15k-20k,15,5-10年
审核组长,哔哩哔哩,武汉,6k-10k,15,3-5年
审核经理,哔哩哔哩,武汉,15k-25k,15,5-10年
审核主管,哔哩哔哩,武汉,10k-16k,15,3-5年
U3D客户端主程（Avalon Studio）,哔哩哔哩,北京,30k-50k,15,5-10年
3D地编（Avalon Studio）,哔哩哔哩,北京,15k-30k,15,3-5年
数值策划（Avalon Studio）,哔哩哔哩,北京,18k-35k,15,5-10年
关卡策划（Avalon Studio）,哔哩哔哩,北京,15k-25k,15,3-5年
技术美术TA专家（Avalon Studio）,哔哩哔哩,北京,30k-50k,15,5-10年
UI策划（Avalon Studio）,哔哩哔哩,北京,15k-25k,15,3-5年
3D特效组长（Avalon Studio）,哔哩哔哩,北京,20k-40k,15,3-5年
高级角色原画师（Avalon Studio）,哔哩哔哩,北京,20k-40k,15,5-10年
技术美术ta,哔哩哔哩,北京,30k-60k,15,5-10年
3D动作组长（Avalon Studio）,哔哩哔哩,北京,20k-40k,15,5-10年
资深3D模型师（Avalon Studio）,哔哩哔哩,北京,20k-35k,15,5-10年
IT0617-资深数据分析（数据+策略）,哔哩哔哩,上海,20k-40k,15,5-10年
算法/数据挖掘工程师（分析向）,哔哩哔哩,上海,25k-50k,15,3-5年
高级/资深Java开发工程师（番剧影视类）,哔哩哔哩,上海,20k-40k,15,3-5年
高级/资深前端开发工程师（番剧影视类）,哔哩哔哩,上海,20k-40k,15,3-5年
资深推荐算法工程师（番剧影视类）,哔哩哔哩,上海,30k-50k,15,5-10年
QK5380-后端技术专家/架构师（TV业务）,哔哩哔哩,上海,40k-60k,15,5-10年
IE5623-资深测试开发工程师（番剧影视类）,哔哩哔哩,上海,25k-40k,15,5-10年
XQ8948-Android开发工程师（番剧影视类）,哔哩哔哩,上海,20k-40k,15,3-5年
CI7182-高级数据仓库工程师（番剧影视类）,哔哩哔哩,上海,20k-40k,15,3-5年
NP2273-资深/高级前端工程师（爬虫方向）,哔哩哔哩,上海,20k-40k,15,3-5年
DF8922-支付产品经理,哔哩哔哩,上海,25k-35k,15,3-5年
ZX9904-大会员产品经理,哔哩哔哩,上海,30k-35k,15,1年以下
ES0605-JAVA技术专家/架构师（番剧影视类）,哔哩哔哩,上海,25k-40k,15,5-10年
SB5172-资深/高级iOS开发工程师（番剧影视类,哔哩哔哩,上海,20k-40k,15,3-5年
PC5465-高级测试工程师（番剧影视类）,哔哩哔哩,上海,20k-40k,15,3-5年
OT6584-Android开发工程师（tv端）,哔哩哔哩,上海,30k-60k,15,5-10年
ZX9904-大会员产品经理,哔哩哔哩,上海,30k-35k,15,1年以下
KI6173-OGV数据仓库leader,哔哩哔哩,上海,40k-60k,15,5-10年
EN2922-资深网络传输协议优化工程师,哔哩哔哩,上海,25k-45k,15,3-5年
美术项管（美术PM）,哔哩哔哩,北京,20k-35k,15,3-5年
FJ4630-资深内容运营（知识区教育方向）,哔哩哔哩,上海,25k-30k,15,3-5年
TE7287-资深策略算法工程师（视频云点播方向）,哔哩哔哩,上海,30k-60k,15,1年以下
XS8074-高级/资深用户研究（星辰项目）,哔哩哔哩,上海,22k-32k,15,1年以下
WE8682-游戏服务器开发,哔哩哔哩,上海,15k-30k,15,3-5年
视频审核经理（南京）,哔哩哔哩,南京,15k-25k,15,3-5年
客服组长,哔哩哔哩,南京,6k-9k,15,3-5年
视频审核主管（南京）,哔哩哔哩,南京,10k-20k,15,3-5年
XY5961-直播产品经理（用户端）,哔哩哔哩,上海,15k-30k,15,1-3年
YX7932-资深Java技术专家,哔哩哔哩,上海,50k-80k,0,5-10年
LB5822-资深/高级android开发工程师,哔哩哔哩,上海,30k-50k,0,3-5年
MF3470-游戏测试经理,哔哩哔哩,上海,25k-50k,0,5-10年
SV9017-Unity3D资深开发工程师,哔哩哔哩,上海,20k-40k,0,5-10年
TJ5986-资深/高级前端专家,哔哩哔哩,上海,50k-80k,0,5-10年
HE0005-游戏服务器开发专家（Java）,哔哩哔哩,上海,20k-30k,0,1-3年
AY7009-资深数据产品经理,哔哩哔哩,上海,50k-70k,0,5-10年
FF2824-高级算法专家/总监,哔哩哔哩,上海,60k-80k,0,5-10年
QM5793-资深Android开发工程师,哔哩哔哩,上海,40k-60k,0,5-10年
NV2469-资深java开发工程师,哔哩哔哩,上海,30k-50k,0,3-5年
UE4客户端主程,哔哩哔哩,上海,50k-80k,0,3-5年
AC4102-前端开发经理,哔哩哔哩,上海,40k-60k,0,5-10年
PV8163-数仓工程师,哔哩哔哩,上海,35k-60k,15,5-10年
VV1984-资深运维开发工程师,哔哩哔哩,上海,20k-40k,15,3-5年
VA6758-资深/高级IOS开发工程师,哔哩哔哩,上海,30k-50k,0,3-5年
YX7932-资深/高级Java开发工程师,哔哩哔哩,上海,30k-50k,0,3-5年
ZV2645-高级/资深前端开发工程师,哔哩哔哩,上海,30k-50k,0,3-5年
HM0898-广告技术负责人,哔哩哔哩,上海,80k-100k,0,5-10年
TI0727-JAVA技术专家,哔哩哔哩,上海,50k-70k,0,5-10年
WM6457-资深android开发工程师,哔哩哔哩,上海,30k-50k,0,3-5年
2d主美,哔哩哔哩,上海,50k-80k,0,5-10年
3d主美,哔哩哔哩,上海,50k-80k,0,5-10年
YE2427-wiki项目全栈技术负责人,哔哩哔哩,上海,40k-60k,15,5-10年
LI0300-资深数据测试开发工程师,哔哩哔哩,上海,25k-50k,15,5-10年
TR4534-游戏服务器开发,哔哩哔哩,上海,15k-30k,15,3-5年
YT5587-产品经理（达人赋能、商家赋能方向）,哔哩哔哩,上海,20k-40k,15,3-5年
游戏引擎开发工程师,哔哩哔哩,上海,30k-60k,15,3-5年
资深技术美术（TA）,哔哩哔哩,上海,40k-80k,15,3-5年
游戏运营,哔哩哔哩,上海,15k-30k,15,1-3年
游戏视觉设计师,哔哩哔哩,上海,15k-30k,15,1-3年
游戏市场营销推广,哔哩哔哩,上海,20k-40k,15,1-3年
资深u3d开发工程师,哔哩哔哩,上海,35k-65k,15,3-5年
WM4830-高级mcn机构运营,哔哩哔哩,上海,15k-25k,15,3-5年
资深U3D工程师,哔哩哔哩,北京,25k-40k,0,3-5年
游戏策划,哔哩哔哩,北京,10k-20k,0,1-3年
游戏原画师,哔哩哔哩,北京,13k-26k,0,1-3年
3d游戏特效师,哔哩哔哩,北京,15k-25k,0,1-3年
java开发工程师,哔哩哔哩,北京,15k-25k,0,1-3年
游戏测试开发工程师,哔哩哔哩,北京,10k-20k,0,1-3年
3D场景原画,哔哩哔哩,北京,15k-25k,0,1-3年
游戏文案策划,哔哩哔哩,北京,8k-16k,0,1-3年
游戏技术美术ta,哔哩哔哩,北京,15k-30k,0,1-3年
TG1896-资深前端开发工程师 （商业技术）,哔哩哔哩,上海,20k-40k,15,3-5年
VA0999-高级/资深Java开发工程师（商业化）,哔哩哔哩,上海,20k-40k,15,3-5年
QZ0249-高级测试工程师（商业技术）,哔哩哔哩,上海,15k-30k,15,5-10年
TX9406-资深C++开发工程师（商业化）,哔哩哔哩,上海,30k-50k,15,3-5年
UT9709-资深算法工程师（商业化）,哔哩哔哩,上海,30k-50k,15,5-10年
SW6716-高级iOS开发工程师（商业技术）,哔哩哔哩,上海,20k-35k,15,3-5年
BW2008-资深数据开发工程师（商业化）,哔哩哔哩,上海,18k-35k,15,3-5年
FC4951-视频后期,哔哩哔哩,上海,10k-15k,15,1-3年
PO2871-SH1大数据SRE,哔哩哔哩,上海,20k-40k,15,3-5年
资深java开发工程师,哔哩哔哩,上海,30k-60k,15,不限
YE1444-UP主运营（公关运营）,哔哩哔哩,上海,20k-40k,15,3-5年
高级运营经理,哔哩哔哩,上海,20k-30k,15,5-10年
3d动画师,哔哩哔哩,上海,25k-40k,15,5-10年
GG1494-u3d 引擎技术美术（偏技术）,哔哩哔哩,上海,30k-50k,0,3-5年
UI界面设计师,哔哩哔哩,上海,20k-35k,15,5-10年
游戏特效师,哔哩哔哩,上海,18k-30k,15,5-10年
用户及社区运营,哔哩哔哩,上海,15k-25k,15,3-5年
数据分析师,哔哩哔哩,上海,15k-25k,15,5-10年
unity客户端开发,哔哩哔哩,上海,20k-35k,15,3-5年
YW4799-资深角色原画（二次元手游）,哔哩哔哩,上海,20k-28k,0,5-10年
OU6876-资深原画师（游戏）,哔哩哔哩,上海,21k-33k,15,5-10年
LU5117-高级/资深服务器开发（golang）,哔哩哔哩,上海,26k-40k,15,3-5年
美术概念设计师,哔哩哔哩,上海,20k-30k,15,3-5年
2D Spine动画,哔哩哔哩,上海,18k-28k,15,3-5年
JA6863-马来语审核（内容安全）,哔哩哔哩,上海,6k-9k,15,1年以下
业务培训,哔哩哔哩,南京,6k-12k,0,3-5年
内容审核主管,哔哩哔哩,南京,10k-18k,15,3-5年
2d主美,哔哩哔哩,北京,30k-60k,0,5-10年
CX9681-治理产品经理（风控、判罚方向）,哔哩哔哩,上海,20k-40k,15,3-5年
WS0068-视频压制,哔哩哔哩,上海,10k-20k,15,3-5年
直播资深iOS研发工程师,哔哩哔哩,上海,25k-50k,15,3-5年
SW8153-UP主运营（时尚/美食）,哔哩哔哩,上海,15k-25k,15,1-3年
AB3804-内容宣推项目经理(国创方向),哔哩哔哩,上海,13k-25k,0,1年以下
UK6724-执行制片人（综艺）,哔哩哔哩,上海,15k-30k,15,3-5年
QF5640-社交媒体主管（泰国市场）,哔哩哔哩,上海,15k-30k,15,1年以下
YY5719-电商运营经理（漫画）,哔哩哔哩,上海,20k-40k,15,1年以下
ZY8488-制片人/总导演（综艺方向）,哔哩哔哩,上海,20k-40k,15,5-10年
VU4826-内容宣推项目经理(电视剧),哔哩哔哩,上海,15k-25k,0,3-5年
AT5889-执行制片人(综艺方向),哔哩哔哩,上海,16k-32k,0,1年以下
DB8363-信息流渠道推广运营,哔哩哔哩,上海,15k-30k,15,1年以下
TO2042-高级测试工程师(漫画),哔哩哔哩,上海,20k-30k,15,3-5年
LS9478-渠道投放主管,哔哩哔哩,上海,15k-30k,15,1年以下
UD5069-对韩商务,哔哩哔哩,上海,15k-30k,15,3-5年
资深体验设计师,哔哩哔哩,上海,15k-30k,0,3-5年
MB0976-商业风控审核,哔哩哔哩,上海,6k-10k,0,1-3年
TV4666-资深资源管理,哔哩哔哩,上海,20k-40k,0,3-5年
PR9102-商业化销售管理,哔哩哔哩,上海,17k-34k,15,5-10年
CG0744-商业广告营销策略,哔哩哔哩,上海,20k-40k,15,5-10年
QQ0048-资深快消行业营销策划,哔哩哔哩,上海,15k-30k,0,3-5年
WX1724-商业化策略运营,哔哩哔哩,上海,18k-35k,15,3-5年
J2688-高级/资深内容运营（...,哔哩哔哩,上海,15k-30k,15,3-5年
MS6458-招商策划（营销中心）,哔哩哔哩,上海,15k-25k,15,1-3年
Android高级/资深开发工程师,哔哩哔哩,上海,25k-50k,15,不限
DO3732-资金经理-海外,哔哩哔哩,上海,15k-30k,15,1年以下
GR2420-TV 内容运营主管,哔哩哔哩,上海,20k-25k,15,1年以下
JU5470-资深社交产品经理,哔哩哔哩,上海,20k-35k,15,3-5年
ES2926-社区风控运营,哔哩哔哩,上海,10k-20k,15,1年以下
KX0815-展会活动策划,哔哩哔哩,上海,15k-30k,15,3-5年
VK0837-渠道内容运营——TV方向,哔哩哔哩,上海,15k-25k,15,1-3年
FU0882-（动画）IP运营,哔哩哔哩,上海,15k-25k,15,1-3年
HW6594-IP美术开发（图库方向）,哔哩哔哩,上海,15k-30k,15,5-10年
高级golang开发工程师,哔哩哔哩,上海,25k-35k,15,3-5年
HR9838-（动画）内容策划/品牌策略经理,哔哩哔哩,上海,15k-25k,15,3-5年
ZB2567-市场运营（动画行业合作相关）,哔哩哔哩,上海,15k-30k,15,3-5年
LQ7930-高级iOS开发工程师（移动技术）,哔哩哔哩,上海,20k-40k,0,1-3年
TR4480-Android 架构师（主站-移动技,哔哩哔哩,上海,30k-55k,0,5-10年
IA2329-Go leader（业务技术）,哔哩哔哩,上海,35k-50k,15,5-10年
DL5011-nlp算法（风控）,哔哩哔哩,上海,30k-40k,15,1年以下
LM3087-ZH6Android开发工程师,哔哩哔哩,上海,20k-40k,15,3-5年
LE4633-高级研发工程师（搜索&推荐 算法/工程）,哔哩哔哩,上海,30k-45k,15,3-5年
RW8072-ZH2Golang开发工程师（国际化）,哔哩哔哩,上海,20k-40k,15,3-5年
HO9866-用户增长BI,哔哩哔哩,上海,20k-40k,0,3-5年
HN3861-用户增长投放系统,哔哩哔哩,上海,20k-40k,0,3-5年
XH4713-流媒体算法工程师,哔哩哔哩,上海,20k-40k,0,3-5年
YF3730-图形引擎开发工程师,哔哩哔哩,上海,20k-40k,0,3-5年
TS5312-资深视频&通信后台开发工程师,哔哩哔哩,上海,15k-30k,0,1-3年
资深移动端音视频开发工程师,哔哩哔哩,上海,25k-40k,15,3-5年
RJ1547-zq后端测试,哔哩哔哩,上海,20k-35k,15,1-3年
TA8363-Go 工程师（业务技术）,哔哩哔哩,上海,25k-35k,15,3-5年
SO1868-ZH1前端开发工程师,哔哩哔哩,上海,20k-40k,15,3-5年
EJ0371-资深CDN架构工程师,哔哩哔哩,上海,30k-60k,15,5-10年
WP2803-高级/资深测试工程师（前端方向）,哔哩哔哩,上海,15k-30k,15,3-5年
HX6127-iOS工程师（投屏）,哔哩哔哩,上海,25k-35k,15,3-5年
FA0116-android工程师（投屏）,哔哩哔哩,上海,25k-35k,15,3-5年
ZB2567-市场运营（动画行业合作相关）,哔哩哔哩,上海,15k-30k,15,3-5年
GL4945-高级iOS开发工程师（直播）,哔哩哔哩,上海,20k-40k,0,3-5年
OO8150-高级项目经理（效能）,哔哩哔哩,上海,20k-40k,15,3-5年
RU4582-高级测试工程师 （主播技术）,哔哩哔哩,上海,20k-35k,0,3-5年
RV8817-社群运营,哔哩哔哩,上海,15k-30k,0,1-3年
IP3755-虚拟偶像运营,哔哩哔哩,上海,15k-30k,0,1-3年
OL3451-资深主播运营,哔哩哔哩,上海,30k-50k,0,3-5年
FS6550-资深游戏内容运营,哔哩哔哩,上海,30k-50k,0,5-10年
UC2998-用户运营（游戏）,哔哩哔哩,上海,15k-30k,0,3-5年
XA0063-Windows开发工程师,哔哩哔哩,上海,20k-40k,0,3-5年
VC6264-虚拟主播制作人,哔哩哔哩,上海,15k-30k,0,1-3年
XQ4805-高级Android开发工程师（直播）,哔哩哔哩,上海,20k-40k,0,3-5年
JJ1787-高级php开发工程师（直播）,哔哩哔哩,上海,15k-30k,0,3-5年
VC6013-高级前端开发工程师,哔哩哔哩,上海,15k-30k,0,3-5年
TY7275-资深ios开发工程师（直播）,哔哩哔哩,上海,30k-45k,0,3-5年
MC0397-高级内容运营（桌游棋牌）,哔哩哔哩,上海,20k-40k,15,3-5年
AC1673-高级前端开发（后台向）,哔哩哔哩,上海,25k-35k,15,3-5年
HJ4337-效能研发工程师,哔哩哔哩,上海,25k-35k,15,3-5年
EB3681-高级/资深主播运营（素人）,哔哩哔哩,上海,25k-40k,0,3-5年
XS4418-高级内容运营（手游）,哔哩哔哩,上海,15k-30k,0,3-5年
YS7767-资深Android研发工程师（主播技术部）,哔哩哔哩,上海,20k-40k,0,5-10年
RD5539-高级iOS研发工程师（主播技术部）,哔哩哔哩,上海,20k-35k,0,3-5年
LM2883-高级Android研发工程师（主播技术部）,哔哩哔哩,上海,20k-35k,0,3-5年
DD5186-资深 iOS 研发工程师（主播技术部）,哔哩哔哩,上海,20k-40k,0,3-5年
YO0789-高级游戏直播运营,哔哩哔哩,上海,15k-30k,0,3-5年
GC4600-音视频研发工程师（主播技术部）,哔哩哔哩,上海,20k-40k,0,1-3年
LG4407-资深服务端开发（直播）,哔哩哔哩,上海,20k-40k,0,5-10年
QO3650-高级MCN运营（游戏内容）,哔哩哔哩,上海,15k-30k,15,1-3年
IM4204-Unity3D主程,哔哩哔哩,上海,30k-60k,15,5-10年
CG3616-Unity3D开发工程师,哔哩哔哩,上海,25k-40k,15,3-5年
HV8465-资深直播活动运营,哔哩哔哩,上海,30k-50k,0,3-5年
QG9330-资深用户运营（游戏）,哔哩哔哩,上海,30k-50k,0,5-10年
DP8173-高级/资深游戏内容运营,哔哩哔哩,上海,15k-30k,0,3-5年
TE0417-高级内容运营（FPS）,哔哩哔哩,上海,15k-30k,0,3-5年
HW2642-MCN高级运营(FPS),哔哩哔哩,上海,15k-30k,0,3-5年
QX5598-高级直播赛事运营,哔哩哔哩,上海,15k-30k,0,3-5年
QD5432-资深测试开发工程师（直播）,哔哩哔哩,上海,15k-30k,0,3-5年
XU4155-Unity3D开发总监,哔哩哔哩,上海,30k-60k,15,5-10年
资深后台工程师,哔哩哔哩,上海,30k-60k,15,5-10年
CC4293-（动画）版权管理主管（报审发行方向）,哔哩哔哩,上海,15k-25k,15,3-5年
go-服务器开发,哔哩哔哩,上海,25k-50k,15,不限
XP6291-资深客服质检,哔哩哔哩,上海,12k-24k,15,3-5年
高级nodejs开发工程师,哔哩哔哩,上海,20k-40k,0,3-5年
资深测试开发工程师,哔哩哔哩,上海,20k-40k,0,3-5年
unity3d主程,哔哩哔哩,上海,30k-60k,0,3-5年
高级Android研发工程师（主播）,哔哩哔哩,上海,25k-40k,0,3-5年
高级iOS开发工程师（直播）,哔哩哔哩,上海,25k-40k,0,3-5年
高级音视频研发工程师,哔哩哔哩,上海,20k-40k,15,3-5年
ER5774-高级/资深前端研发工程(云平台方向),哔哩哔哩,上海,20k-40k,15,5-10年
unity3d开发工程师,哔哩哔哩,上海,25k-40k,0,3-5年
高级/资深服务端开发（go/PHP）,哔哩哔哩,上海,30k-45k,15,不限
JF2510-高级内容运营,哔哩哔哩,上海,18k-25k,0,3-5年
UJ7554-资深游戏平台产品运营,哔哩哔哩,上海,24k-30k,0,5-10年
VU1988-高级社区用户运营,哔哩哔哩,上海,18k-25k,0,3-5年
移动端产品经理,哔哩哔哩,上海,35k-50k,15,5-10年
BH7284-设计岗,哔哩哔哩,上海,25k-50k,0,5-10年
IN0553-分发策略产品经理,哔哩哔哩,上海,25k-40k,0,5-10年
IW8927-社区产品经理,哔哩哔哩,上海,25k-35k,0,3-5年
QH6943-游戏平台产品运营经理,哔哩哔哩,上海,25k-30k,0,5-10年
EA5999-云游戏产品经理,哔哩哔哩,上海,25k-40k,15,不限
LT5465-高级平台用户发展,哔哩哔哩,上海,14k-22k,0,1-3年
QH6943-游戏平台产品运营经理,哔哩哔哩,上海,25k-40k,15,5-10年
VX3387-H5主程,哔哩哔哩,上海,30k-60k,15,1年以下
DU6303-海外产品经理-游戏,哔哩哔哩,上海,25k-50k,15,不限
LY9748-测试工程师,哔哩哔哩,上海,25k-50k,15,1年以下
MP8794-引擎工程师,哔哩哔哩,上海,25k-50k,15,1年以下
资深ios开发工程师,哔哩哔哩,上海,30k-45k,15,5-10年
前端技术负责人,哔哩哔哩,上海,35k-45k,15,5-10年
GY5740-舆情专家,哔哩哔哩,上海,12k-20k,15,3-5年
JT1301-推荐算法工程师,哔哩哔哩,上海,20k-40k,15,1年以下
PR9038-资深产品运营（校园合作方向）,哔哩哔哩,上海,25k-30k,15,5-10年
ZI0824-（动画）商务项目经理,哔哩哔哩,上海,15k-25k,15,1-3年
ZV5881-视频制作,哔哩哔哩,上海,8k-15k,15,1-3年
EU9634-作画监修（动画成品修正）,哔哩哔哩,上海,15k-25k,15,1年以下
VL4053-客服质检,哔哩哔哩,上海,5k-9k,15,1-3年
资深视觉设计师（哔哩哔哩漫画),哔哩哔哩,上海,20k-30k,0,3-5年
内容运营,哔哩哔哩,上海,10k-15k,0,1-3年
FH3128-ZZ2Golang开发工程师,哔哩哔哩,上海,20k-40k,15,3-5年
DP8478-SK2资深基础架构研发工程师（计算SQL引擎）,哔哩哔哩,上海,30k-50k,15,1年以下
EN8184-ZQ5数据研发工程师,哔哩哔哩,上海,20k-40k,15,3-5年
XG5224-SW2资深数据仓库开发工程师,哔哩哔哩,上海,30k-50k,15,3-5年
SO5764-SC1资深数据产品经理（大数据开发治理平台方向）,哔哩哔哩,上海,20k-40k,15,1年以下
SH6388-SZ4大数据开发工程师（Flink方向）,哔哩哔哩,上海,20k-40k,15,1年以下
BA0945-SZ1大数据中间件高级/资深开发工程师,哔哩哔哩,上海,12k-15k,15,1-3年
VW5686-SW3后端开发工程师（数据应用方向）,哔哩哔哩,上海,20k-40k,15,3-5年
JR6051-SQ1前端开发工程师,哔哩哔哩,上海,20k-40k,15,3-5年
OV7009-SL1 OLAP内核研发工程师/专家,哔哩哔哩,上海,20k-40k,15,3-5年
YB8969-SL2交互式分析平台研发工程师/专家,哔哩哔哩,上海,20k-40k,15,3-5年
JJ4868-ZS2资深业务风控开发,哔哩哔哩,上海,30k-50k,15,5-10年
MI5756-SQ2资深开发工程师（平台工具方向）,哔哩哔哩,上海,20k-40k,15,3-5年
EY8497-SW1数据仓库开发工程师（数据治理方向）,哔哩哔哩,上海,20k-40k,15,3-5年
LA5112-SC3高级数据产品经理（用户行为方向）,哔哩哔哩,上海,20k-40k,15,1年以下
CO7551-SK1资深基础架构研发工程师（存储和调度方向）,哔哩哔哩,上海,30k-50k,15,5-10年
KN2519-ZQ4Golang架构师/leader,哔哩哔哩,上海,40k-70k,15,5-10年
KN2519-ZQ4Golang架构师/leader,哔哩哔哩,上海,40k-70k,15,5-10年
WS3528-创作工具产品运营（素材运营）,哔哩哔哩,上海,20k-40k,15,3-5年
EZ4895-ZQ2高级前端开发工程师,哔哩哔哩,上海,20k-40k,15,3-5年
AE5833-SZ3资深基础架构研发工程师（计算方向）,哔哩哔哩,上海,20k-40k,15,5-10年
VT5049-SC2高级数据产品经理（用户增长方向）,哔哩哔哩,上海,20k-40k,15,3-5年
RL4578-ZS3高级存储开发工程师,哔哩哔哩,上海,20k-40k,15,3-5年
GF5215-ZQ3策略算法工程师,哔哩哔哩,上海,30k-60k,15,3-5年
TB3837-SZ2资深基础架构研发工程师（传输方向）,哔哩哔哩,上海,20k-40k,15,1年以下
WP7271-公共事务经理,哔哩哔哩,上海,18k-30k,15,1年以下
WM8704-ZS1高级/资深后端开发工程师,哔哩哔哩,上海,20k-30k,15,1-3年
YU8352-ZQ7大数据开发工程师,哔哩哔哩,上海,20k-40k,15,3-5年
AF2935-ZQ6风控算法工程师,哔哩哔哩,上海,30k-50k,15,5-10年
UG5614-ZQ1Golang开发工程师,哔哩哔哩,上海,20k-40k,15,3-5年
高级/资深主播运营（素人）,哔哩哔哩,上海,25k-40k,0,3-5年
RZ8646-ZB2服务端开发工程师,哔哩哔哩,上海,20k-40k,15,3-5年
MJ2906-动画监制（日本番剧方向）,哔哩哔哩,上海,15k-30k,15,3-5年
WE0303-ZB1前端开发工程师,哔哩哔哩,上海,20k-40k,15,3-5年
VX2384-直播互动游戏产品,哔哩哔哩,上海,15k-30k,15,1-3年
JW3267-直播内容产品经理,哔哩哔哩,上海,15k-30k,15,3-5年
XD0720-产品经理（主播增长）,哔哩哔哩,上海,30k-45k,15,5-10年
XL2028-直播营收活动策划,哔哩哔哩,上海,15k-30k,0,1-3年
PM6943-高级运营（资源整合）,哔哩哔哩,上海,15k-25k,0,1-3年
LE9758-高级数据分析,哔哩哔哩,上海,15k-30k,0,1-3年
EC2179-高级财务运营,哔哩哔哩,上海,10k-15k,0,1-3年
LK0802-资深数据分析师,哔哩哔哩,上海,18k-35k,0,3-5年
GN4337-公会运营,哔哩哔哩,上海,10k-20k,0,1年以下
JH7782-UP主运营（舆情风控）,哔哩哔哩,上海,20k-40k,15,5-10年
FJ1814-高级运营（资源协作）,哔哩哔哩,上海,15k-25k,15,1-3年
AE7104-UP主运营（知识分区）,哔哩哔哩,上海,15k-25k,15,1-3年
VR2842-产品经理（特权体系）,哔哩哔哩,上海,20k-40k,0,3-5年
HY6829-高级产品经理-虚拟化直播,哔哩哔哩,上海,15k-30k,0,1-3年
BM4416-产品经理(虚拟化直播),哔哩哔哩,上海,15k-30k,0,3-5年
LQ4019-高级运营（UP主）,哔哩哔哩,上海,15k-25k,0,1-3年
JK7283-直播间产品经理（互动创意）,哔哩哔哩,上海,15k-30k,15,1-3年
LD9723-主播运营（语音直播方向）,哔哩哔哩,上海,20k-30k,15,3-5年
CZ6082-直播平台营收活动运营（娱乐&电台）,哔哩哔哩,上海,20k-35k,15,3-5年
HP9056-UP主运营（时尚分区）,哔哩哔哩,上海,15k-25k,15,1-3年
AR7517-产品经理（音频直播）,哔哩哔哩,上海,20k-40k,15,3-5年
WF7463-直播关系链产品经理,哔哩哔哩,上海,20k-40k,15,3-5年
QB2172-资深运营（主播衍生品行业运营）,哔哩哔哩,上海,20k-40k,15,3-5年
KA1646-直播推荐产品经理,哔哩哔哩,上海,15k-30k,15,1-3年
JE7179-营收活动策划,哔哩哔哩,上海,20k-35k,15,1-3年
JB9303-直播内容策划（音频/户外方向）,哔哩哔哩,上海,20k-40k,15,3-5年
XI2608-直播流量效率产品经理,哔哩哔哩,上海,15k-30k,15,1-3年
HT0745-高级/资深Golang开发工程师（基础架构）,哔哩哔哩,上海,20k-40k,15,3-5年
PL2485-高级交互设计师（信息化方向）,哔哩哔哩,上海,15k-30k,15,3-5年
NZ1298-JC1前端开发工程师（信息化）,哔哩哔哩,上海,20k-40k,15,3-5年
AC0018-资深/高级 图像视频算法工程师,哔哩哔哩,上海,30k-60k,15,3-5年
直播活动运营,哔哩哔哩,上海,10k-15k,0,1-3年
UE4073-游戏前端开发（Unity）,哔哩哔哩,北京,25k-50k,0,不限
IO1057-游戏美术TA,哔哩哔哩,北京,25k-50k,0,不限
GV7656-游戏服务器开发（Java、C++、G,哔哩哔哩,北京,25k-50k,0,不限
WP0588-资深Android开发工程师（北京）,哔哩哔哩,北京,25k-50k,0,3-5年
QE5072-资深IOS开发工程师（北京）,哔哩哔哩,北京,25k-50k,0,不限
Linux内核研发工程师,哔哩哔哩,北京,30k-60k,15,不限
JF7254-高级Android开发工程师（北京）,哔哩哔哩,北京,25k-50k,0,1年以下
LZ0026-游戏3D场景（建模）,哔哩哔哩,北京,25k-50k,0,不限
TK7315-资深视频&通信后台开发工程师,哔哩哔哩,北京,25k-50k,0,不限
LL2988-大会员用户运营（增长方向）,哔哩哔哩,上海,20k-35k,15,3-5年
FN1298-商业化（会员方向）,哔哩哔哩,上海,20k-40k,15,3-5年
XP0135-高级内容运营（纪录片海外）,哔哩哔哩,上海,15k-25k,15,3-5年
EE8938-会员产品经理（中后台),哔哩哔哩,上海,25k-35k,15,1年以下
KG4347-用户增长总监-漫画,哔哩哔哩,上海,30k-40k,15,1年以下
QS0587-资深产品运营（资讯方向）,哔哩哔哩,北京,20k-35k,15,1年以下
ZV4052-ZZ1前端开发工程师,哔哩哔哩,上海,20k-40k,15,3-5年
PH2951-娱乐用户运营,哔哩哔哩,上海,13k-26k,15,1年以下
社区运营策略（项目管理方向）,哔哩哔哩,上海,20k-35k,15,3-5年
ZZ7362-审核质检,哔哩哔哩,上海,4k-8k,0,1年以下
LT2563-产品运营（创作侧）,哔哩哔哩,上海,10k-20k,0,1年以下
LK3049-产品经理（内容产品方向）,哔哩哔哩,上海,15k-30k,0,1年以下
MT4516-社区运营专员,哔哩哔哩,上海,4k-6k,0,1年以下
DH1432-内容安全平台产品运营,哔哩哔哩,上海,18k-36k,0,1年以下
AP0065-娱乐运营组 – 内容运营,哔哩哔哩,上海,6k-10k,0,1年以下
ZP1506-产品经理（内容侧）,哔哩哔哩,上海,12k-24k,0,1-3年
JM8398-产品运营（内容安全生态）,哔哩哔哩,上海,8k-10k,0,1年以下
VR3959-产品经理（创作者侧）,哔哩哔哩,上海,15k-25k,0,1-3年
GW5747-产品经理（付费产品方向）,哔哩哔哩,上海,18k-35k,0,1年以下
社区运营（策略研究方向）,哔哩哔哩,上海,20k-35k,15,3-5年
UA7663-UP主运营——日本/韩/欧美达人运营,哔哩哔哩,上海,15k-25k,0,1-3年
FK4283-萌宠-高级内容运营,哔哩哔哩,上海,15k-25k,0,1-3年
TL6422-高级运营（港澳台用户方向）,哔哩哔哩,上海,14k-25k,0,1-3年
DI5309-泛知识策划运营,哔哩哔哩,上海,15k-25k,0,1-3年
LB7492-高级基础运营（投诉举报方向）,哔哩哔哩,上海,5k-7k,0,1-3年
HV8709-泛知识策划运营,哔哩哔哩,上海,15k-25k,0,1-3年
TV9665-高级基础运营（流程方向）,哔哩哔哩,上海,8k-12k,0,1-3年
LK3049-产品经理（内容产品方向）,哔哩哔哩,上海,15k-30k,0,1年以下
SG9935-产品经理（内容安全方向）,哔哩哔哩,上海,15k-25k,0,1年以下
GG8029-创作服务产品经理,哔哩哔哩,上海,15k-30k,0,1年以下
XT9920-高级基础运营（版权方向）,哔哩哔哩,上海,8k-16k,0,1年以下
NW1916-创作服务产品策划,哔哩哔哩,上海,18k-30k,0,3-5年
EH4049-创作服务产品运营,哔哩哔哩,上海,18k-30k,0,3-5年
LE8729-创作者平台产品,哔哩哔哩,上海,18k-30k,0,3-5年
海外运营,哔哩哔哩,上海,12k-24k,15,3-5年
FV2732-娱乐热点内容运营,哔哩哔哩,上海,12k-22k,15,1-3年
VH9427-项目管理实习生（内容向）,哔哩哔哩,上海,5k-6k,0,不限
SV8837-泛知识策划运营-实习生,哔哩哔哩,上海,5k-6k,0,不限
GW4277-娱乐明星运营（偏BD）,哔哩哔哩,上海,8k-15k,0,1年以下
ZW0801-高级内容运营（二审）,哔哩哔哩,上海,6k-8k,0,1年以下
YX4815-内容运营（二审）,哔哩哔哩,上海,4k-5k,0,1年以下
增长产品经理（创作者方向）,哔哩哔哩,上海,18k-30k,15,3-5年
创作工具产品,哔哩哔哩,上海,18k-30k,15,1-3年
内容产品经理,哔哩哔哩,上海,18k-30k,15,1-3年
XR2918-高级基础运营（商业风控方向）,哔哩哔哩,上海,8k-15k,0,1-3年
SL4293-高级审核,哔哩哔哩,上海,5k-10k,0,1-3年
BW0342-资深产品运营（海外）,哔哩哔哩,上海,18k-30k,15,3-5年
WV3100-影娱活动运营,哔哩哔哩,上海,13k-24k,15,1-3年
WZ7772-高级基础运营（规则策略方向）,哔哩哔哩,上海,8k-15k,15,3-5年
直播内容产品经理,哔哩哔哩,上海,20k-40k,15,3-5年
资深java工程师,哔哩哔哩,上海,30k-50k,0,3-5年
QE8508-资深行政经理（智能化）,哔哩哔哩,上海,20k-40k,15,5-10年
bilibili高级测试开发工程师,哔哩哔哩,上海,20k-30k,0,3-5年
GN6029-数据运营,哔哩哔哩,上海,9k-16k,15,1年以下
DN7582-产品经理（Paas产品、运维产品）,哔哩哔哩,上海,16k-32k,15,3-5年
DH2210-高级/资深iOS研发工程师,哔哩哔哩,上海,25k-50k,15,5-10年
PA3523-高级/资深Android研发工程师,哔哩哔哩,上海,25k-50k,15,5-10年
高级java开发工程师,哔哩哔哩,上海,25k-50k,15,不限
ML2302-高级内容审核,哔哩哔哩,上海,7k-14k,0,1-3年
SP7210-内容安全管理岗,哔哩哔哩,上海,10k-20k,0,3-5年
XF7239-图文审核组长,哔哩哔哩,上海,6k-12k,0,1-3年
NJ7990-高级流程运营（客服业务）,哔哩哔哩,上海,8k-16k,0,1-3年
XO7774-直播审核经理,哔哩哔哩,上海,18k-35k,0,3-5年
LZ3538-培训经理（内容安全业务）,哔哩哔哩,上海,15k-30k,15,3-5年
UW0066-产品运营（审核业务）,哔哩哔哩,上海,12k-20k,15,3-5年
YV0062-客服组长,哔哩哔哩,上海,7k-14k,15,3-5年
YD1318-内容审核（舆情方向）,哔哩哔哩,上海,5k-8k,15,1-3年
XZ0212-高级策略运营（直播审核）,哔哩哔哩,上海,15k-30k,15,3-5年
SD3784-内容审核（大屏方向）,哔哩哔哩,上海,5k-8k,15,1-3年
BX9015-高级品类运营-美食,哔哩哔哩,上海,15k-25k,15,3-5年
大数据运维工程师,哔哩哔哩,上海,15k-30k,0,不限
高级体验设计师,哔哩哔哩,上海,15k-30k,15,3-5年
资深体验设计师（主站）,哔哩哔哩,上海,20k-30k,0,3-5年
XT2522-创作工具产品经理（洛天依）,哔哩哔哩,上海,20k-40k,15,3-5年
AT2511-高级内容运营（数码/软件应用方向）,哔哩哔哩,上海,15k-25k,15,3-5年
TQ6519-视频剪辑,哔哩哔哩,上海,10k-20k,15,1年以下
HA9764-平面设计,哔哩哔哩,上海,10k-20k,15,1-3年
GA1845-政府事务中台运营高级经理,哔哩哔哩,上海,25k-50k,15,1年以下
QY9989-付费内容制作人（教育课程业务）,哔哩哔哩,上海,20k-30k,15,3-5年
C4293-（动画）版权管理主管...,哔哩哔哩,上海,15k-25k,15,3-5年
3d动画师,哔哩哔哩,上海,20k-28k,15,5-10年
推荐系统工程师,哔哩哔哩,上海,28k-55k,0,3-5年
XX4410-高级创作者运营-时尚美妆方向,哔哩哔哩,上海,15k-20k,15,3-5年
NG7176-高级产品运营（活动运营方向）,哔哩哔哩,上海,15k-30k,0,3-5年
TH7671-资深活动运营,哔哩哔哩,上海,15k-25k,0,3-5年
QK1380-资深创作者运营（汽车区）,哔哩哔哩,上海,15k-25k,0,3-5年
SJ5843-资深数据分析师,哔哩哔哩,上海,15k-30k,15,3-5年
UH6048-资深创作者运营,哔哩哔哩,上海,20k-35k,0,3-5年
DC5817-用户增长运营,哔哩哔哩,上海,15k-30k,0,3-5年
CM1495-增长活动运营,哔哩哔哩,上海,15k-25k,15,3-5年
CW8731-创作者运营-测评方向,哔哩哔哩,上海,15k-25k,15,3-5年
VX1774-高级内容运营（泛知识方向）,哔哩哔哩,上海,15k-25k,15,3-5年
TV5954-高级内容运营（知识区历史方向）,哔哩哔哩,上海,15k-25k,15,3-5年
RB8618-高级品类运营经理,哔哩哔哩,上海,15k-25k,15,3-5年
PK7447-资深品类策略运营,哔哩哔哩,上海,20k-30k,15,3-5年
MZ9661-资深用户运营（UP主运营）,哔哩哔哩,上海,25k-35k,15,3-5年
HN3703-专栏运营,哔哩哔哩,上海,15k-25k,15,3-5年
SS9815-高级产品运营（媒体号运营方向）,哔哩哔哩,上海,15k-25k,0,3-5年
LQ3395-内容运营经理,哔哩哔哩,上海,15k-25k,0,3-5年
TR4984-平台活动运营（UP主方向）,哔哩哔哩,上海,15k-30k,0,3-5年
QI8871-内容运营（手办方向）,哔哩哔哩,上海,15k-25k,0,3-5年
EA6690-高级数据分析师,哔哩哔哩,上海,25k-35k,15,3-5年
OQ1529-高级产品运营（活动产品）,哔哩哔哩,上海,15k-25k,15,3-5年
ID8096-家居品类运营负责人,哔哩哔哩,上海,20k-30k,15,3-5年
DQ0531-高级内容运营（搞笑区）,哔哩哔哩,上海,15k-25k,15,3-5年
SD4585-资深MCN机构策略运营,哔哩哔哩,上海,15k-25k,15,3-5年
DE3584-up主运营,哔哩哔哩,上海,15k-25k,15,3-5年
XU9405-高级品类运营（计算机技术/程序员群体方向）,哔哩哔哩,上海,15k-25k,15,3-5年
OW4883-高级内容运营（知识区生物自然方向）,哔哩哔哩,上海,15k-25k,15,1-3年
YS8752-高级社区运营,哔哩哔哩,上海,20k-40k,15,3-5年
PB5635-高级内容运营（舞蹈区）,哔哩哔哩,上海,15k-25k,15,3-5年
FR2647-高级内容运营（动画区）,哔哩哔哩,上海,15k-25k,15,3-5年
SY8916-画师【设计中心】,哔哩哔哩,上海,15k-30k,0,3-5年
GR2651-流量/策略产品经理（星辰项目）,哔哩哔哩,上海,25k-35k,15,1年以下
UJ8450-内容安全产品经理（星辰项目）,哔哩哔哩,上海,25k-35k,15,1年以下
DC2116-中后台产品经理（星辰项目）,哔哩哔哩,上海,25k-35k,15,1年以下
HF1317-游戏行业广告销售,哔哩哔哩,上海,12k-20k,0,3-5年
TZ0633-资深数据仓库工程师（星辰项目）,哔哩哔哩,上海,25k-35k,15,1年以下
GX2726-资深数据分析师（星辰项目）,哔哩哔哩,上海,20k-30k,15,1年以下
资深活动运营（平台大节营销）,哔哩哔哩,上海,20k-35k,15,5-10年
GW9946-资深商务统筹,哔哩哔哩,上海,20k-40k,15,1年以下
Java开发工程师,哔哩哔哩,上海,25k-50k,0,3-5年
Android开发工程师,哔哩哔哩,上海,20k-40k,15,1-3年
资深系统工程师（游戏SRE）,哔哩哔哩,上海,20k-40k,14,3-5年
资深android开发工程师,哔哩哔哩,上海,25k-40k,15,3-5年
VJ0077-展会活动策划,哔哩哔哩,上海,15k-25k,15,3-5年
VX4263-影视评估数据分析,哔哩哔哩,上海,20k-40k,15,1年以下
JI9497-院校合作运营（动画方向）,哔哩哔哩,上海,15k-20k,15,3-5年
运营实习生,哔哩哔哩,上海,3k-5k,0,不限
Unity3d 游戏特效,哔哩哔哩,上海,15k-30k,15,3-5年
KB2423-设计资深经理(机电）,哔哩哔哩,上海,40k-60k,15,10年以上
创作者策略运营,哔哩哔哩,上海,15k-25k,15,3-5年
OB9263-u3d游戏特效师,哔哩哔哩,上海,20k-40k,15,1年以下
UL6016-3d场景地编,哔哩哔哩,上海,13k-25k,15,1年以下
动画监制（国创方向）,哔哩哔哩,上海,15k-30k,13,3-5年
算法工程师（推荐算法）,哔哩哔哩,上海,25k-50k,15,不限
DH5313-游戏主策划（轻度休闲）,哔哩哔哩,上海,30k-50k,15,1年以下
PG7673-HR设计,哔哩哔哩,上海,12k-20k,15,1-3年
PG7673-HR设计,哔哩哔哩,上海,12k-20k,15,1-3年
MT6378-首席文案/主文案,哔哩哔哩,上海,30k-50k,15,3-5年
内容编辑,哔哩哔哩,上海,15k-25k,15,1-3年
游戏SRE,哔哩哔哩,上海,25k-40k,0,3-5年
QM2324-国际合规法务主管,哔哩哔哩,上海,20k-30k,15,1-3年
高级/资深ios开发工程师,哔哩哔哩,上海,35k-70k,15,5-10年
OE2915-B端产品经理-漫画,哔哩哔哩,上海,25k-35k,15,1年以下
GC1936-ui设计师,哔哩哔哩,上海,18k-36k,15,1年以下
资深android开发工程师,哔哩哔哩,上海,30k-45k,15,5-10年
DF5259-电商运营高级经理,哔哩哔哩,上海,25k-35k,15,1年以下
大数据基础平台开发工程师,哔哩哔哩,上海,26k-50k,16,3-5年
用户增长总监-漫画,哔哩哔哩,上海,30k-40k,15,5-10年
市场活动主管（漫画）,哔哩哔哩,上海,15k-30k,15,3-5年
内容营销主管,哔哩哔哩,上海,15k-28k,15,3-5年
培训经理,哔哩哔哩,上海,25k-35k,15,5-10年
推荐（高级）算法工程师,哔哩哔哩,上海,25k-50k,15,3-5年
高级MCN运营（游戏内容）,哔哩哔哩,上海,15k-30k,15,1-3年
高级/资深Windows开发工程师,哔哩哔哩,上海,30k-45k,0,3-5年
java高级开发工程师/技术专家,哔哩哔哩,上海,25k-35k,15,1-3年
高级/资深Android开发工程师,哔哩哔哩,上海,25k-50k,15,3-5年
TX5772-主策划,哔哩哔哩,上海,30k-60k,15,5-10年
JD1581-港台内容运营,哔哩哔哩,上海,30k-35k,15,5-10年
高级golang开发工程师,哔哩哔哩,上海,25k-50k,0,3-5年
高级/资深系统工程师,哔哩哔哩,上海,20k-40k,13,3-5年
BS2122-数据分析负责人,哔哩哔哩,上海,30k-40k,15,5-10年
内容审核,哔哩哔哩,芜湖,4k-6k,0,不限
产品经理,哔哩哔哩,上海,15k-30k,15,3-5年
高级桌游棋牌游戏直播运营,哔哩哔哩,上海,15k-30k,16,1-3年
FN2563-测试开发岗,哔哩哔哩,上海,30k-60k,15,1年以下
游戏市场策划,哔哩哔哩,上海,15k-30k,0,1-3年
高级ios研发工程师,哔哩哔哩,上海,30k-50k,15,不限
WM7953-渲染引擎开发工程师（创作工具）,哔哩哔哩,上海,25k-45k,15,3-5年
KQ7679-校园招聘主管,哔哩哔哩,上海,10k-20k,15,3-5年
MZ3530-业务架构师,哔哩哔哩,上海,40k-50k,15,1年以下
ML6408-多屏互动产品经理,哔哩哔哩,上海,25k-35k,15,1年以下
VR5724-数据合规经理,哔哩哔哩,上海,15k-30k,15,3-5年
高级dba,哔哩哔哩,上海,20k-40k,0,3-5年
BY6925- 资深用户运营（电商）,哔哩哔哩,上海,20k-40k,15,5-10年
IN8988- IP衍生品供应链（电商）,哔哩哔哩,上海,15k-25k,15,1-3年
DP6724-资深数据产品（电商）,哔哩哔哩,上海,20k-40k,15,5-10年
XL4747-资深流程管理运营（电商）,哔哩哔哩,上海,20k-40k,15,3-5年
JH8701-资深用户运营（电商）,哔哩哔哩,上海,20k-40k,15,3-5年
DG3889-QQ营销活动运营（电商）,哔哩哔哩,上海,15k-30k,15,3-5年
CA6682-资深供应链运营,哔哩哔哩,上海,20k-40k,0,5-10年
MS6313-渠道主管（电商）,哔哩哔哩,上海,20k-40k,15,5-10年
JJ5186-资深UI设计师,哔哩哔哩,上海,20k-40k,15,3-5年
RH0717- QQ渠道电商运营,哔哩哔哩,上海,15k-30k,15,3-5年
NO7242- 资深类目（电商）,哔哩哔哩,上海,25k-40k,15,5-10年
OW2930- 衍生品设计师（电商）,哔哩哔哩,上海,20k-30k,15,3-5年
JK7277- 数据算法工程师（电商）,哔哩哔哩,上海,25k-50k,15,1-3年
BP0154-项目经理（电商）,哔哩哔哩,上海,15k-25k,15,3-5年
RG0847-Android开发工程师（电商）,哔哩哔哩,上海,15k-30k,15,1-3年
GN2539-用户增长运营（电商）,哔哩哔哩,上海,20k-40k,15,5-10年
BV0454-资深开发工程/架构师（电商）,哔哩哔哩,上海,20k-40k,15,3-5年
DJ2347- 游戏UI界面设计师（电商）,哔哩哔哩,上海,20k-40k,15,3-5年
YA2406- 资深测试开发工程师,哔哩哔哩,上海,30k-50k,15,5-10年
高级测试工程师,哔哩哔哩,上海,15k-30k,15,3-5年
游戏直播运营,哔哩哔哩,上海,15k-25k,15,1-3年
Android开发工程师,哔哩哔哩,上海,20k-30k,0,3-5年
ZE9429-平面设计师（电竞）,哔哩哔哩,上海,15k-20k,0,1年以下
高级系统工程师,哔哩哔哩,上海,15k-25k,14,1-3年
sre运维工程师,哔哩哔哩,上海,15k-30k,0,3-5年
VR5724-数据合规主管/经理,哔哩哔哩,上海,15k-30k,15,3-5年
LS1587-高级招聘专员,哔哩哔哩,上海,12k-24k,15,5-10年
资深ios开发工程师,哔哩哔哩,上海,30k-60k,15,3-5年
EP2080-流量产品,哔哩哔哩,上海,20k-40k,15,3-5年
EF9095-财务经理（商业房产）,哔哩哔哩,上海,25k-35k,15,5-10年
OH9970-资深产品运营（创作工具）,哔哩哔哩,上海,30k-40k,15,5-10年
AE7422-增长产品经理（创作工具）,哔哩哔哩,上海,20k-40k,15,3-5年
RW5952-数据分析师（创作工具）,哔哩哔哩,上海,15k-25k,15,3-5年
web前端开发工程师,哔哩哔哩,上海,25k-50k,14,3-5年
高级测试工程师,哔哩哔哩,上海,15k-30k,15,1-3年
PR9959-HRBP,哔哩哔哩,上海,15k-25k,15,不限
UP9851-测试工程师（HR系统）,哔哩哔哩,上海,20k-40k,15,3-5年
SQ1545-投资法务经理（投中）,哔哩哔哩,上海,20k-30k,15,3-5年
PR9959-HRBP,哔哩哔哩,上海,15k-25k,15,不限
SX8604-合规主管,哔哩哔哩,上海,28k-35k,0,5-10年
AR1574-日语动画制片,哔哩哔哩,上海,10k-20k,0,1年以下
YO7105-财务报告主管/经理,哔哩哔哩,上海,18k-35k,0,1年以下
BD0143-资深/高级数据分析师,哔哩哔哩,上海,20k-35k,0,3-5年
NS6650-资深/高级数据分析师（OGV方向）,哔哩哔哩,上海,20k-35k,0,3-5年
CA0979-投资经理,哔哩哔哩,上海,20k-40k,0,不限
TJ2666-公共事务经理（文案）,哔哩哔哩,上海,10k-20k,0,1年以下
RS4649-法务经理（诉讼合规岗）,哔哩哔哩,上海,18k-35k,0,1年以下
HT8905-资深政府事务专家,哔哩哔哩,上海,25k-50k,0,1年以下
TW4891-资深政府事务,哔哩哔哩,上海,35k-50k,0,1年以下
RB3155-资深政府事务专家（北京）,哔哩哔哩,北京,30k-50k,0,5-10年
BP7218-培训与发展主管/经理,哔哩哔哩,上海,18k-35k,0,1年以下
FF7180-法务主管（合规诉讼方向）,哔哩哔哩,上海,18k-35k,0,1年以下
MJ5862-战略发展经理,哔哩哔哩,上海,18k-36k,0,不限
QF5376-3D动画制片,哔哩哔哩,上海,10k-15k,0,不限
FL2436-财务主管（游戏）,哔哩哔哩,上海,18k-25k,0,不限
XY4314-IP运营（动画）,哔哩哔哩,上海,10k-15k,15,1-3年
PF7446-商务策划经理（动画）,哔哩哔哩,上海,15k-20k,0,3-5年
XH0908-GR策划运营,哔哩哔哩,上海,15k-25k,0,3-5年
JP9840-财务主管（财务分析）,哔哩哔哩,上海,15k-25k,0,不限
EX7967-财务主管（应付）,哔哩哔哩,上海,18k-35k,0,1年以下
JE2170-法务经理（英文）,哔哩哔哩,上海,18k-35k,0,1年以下
PG3596-财务主管,哔哩哔哩,上海,12k-15k,0,3-5年
QC8597-中级模型师,哔哩哔哩,上海,10k-15k,0,不限
EX7310-法务经理（合同方向）,哔哩哔哩,上海,18k-35k,0,1年以下
数据分析师,哔哩哔哩,上海,20k-30k,0,3-5年
资深漫画男频内容运营,哔哩哔哩,上海,15k-25k,0,3-5年
高级开发工程师,哔哩哔哩,上海,20k-35k,0,3-5年
资深平台运营（漫画）,哔哩哔哩,上海,15k-25k,0,3-5年
高级前端工程师,哔哩哔哩,上海,18k-24k,0,3-5年
大数据开发工程师,哔哩哔哩,上海,30k-40k,15,3-5年
UP9851-测试工程师（HR系统）,哔哩哔哩,上海,20k-40k,0,3-5年
golang高级开发工程师,哔哩哔哩,上海,18k-36k,0,3-5年
Android高级开发/资深开发,哔哩哔哩,上海,20k-40k,16,3-5年
游戏市场策划,哔哩哔哩,上海,14k-25k,0,1-3年
golang后端开发工程师,哔哩哔哩,上海,20k-40k,15,不限
LZ1165-资深IP衍生品行业研究员,哔哩哔哩,上海,20k-30k,0,不限
Golang大数据中间件高级/资深开发工程师,哔哩哔哩,上海,25k-50k,15,不限
游戏市场经理,哔哩哔哩,上海,25k-33k,15,5-10年
游戏本地化运营,哔哩哔哩,上海,15k-30k,0,3-5年
高级角色原画师（美漫风）,莉莉丝游戏,上海,25k-45k,14,5-10年
高级场景原画师（美漫风）,莉莉丝游戏,上海,25k-45k,14,5-10年
高级场景原画师（欧美Q版）,莉莉丝游戏,上海,25k-35k,14,5-10年
高级分镜师（二次元）,莉莉丝游戏,上海,20k-35k,14,5-10年
高级场景原画师（科幻）,莉莉丝游戏,上海,20k-35k,14,5-10年
高级角色原画师（科幻）,莉莉丝游戏,上海,20k-35k,14,5-10年
高级角色原画师（欧美Q版）,莉莉丝游戏,上海,20k-35k,14,5-10年
交互设计师,莉莉丝游戏,上海,20k-35k,14,5-10年
高级角色原画师（二次元）,莉莉丝游戏,上海,20k-40k,16,3-5年
高级机械概念设计师,莉莉丝游戏,上海,20k-40k,16,3-5年
高级场景原画师（欧美卡通）,莉莉丝游戏,上海,20k-40k,16,3-5年
高级服务器开发工程师（平台服务）,莉莉丝游戏,上海,25k-40k,0,3-5年
3D模型类防迷路通用入口,莉莉丝游戏,上海,20k-40k,14,不限
数据挖掘工程师（G）,莉莉丝游戏,上海,18k-35k,14,3-5年
持续集成工程师,莉莉丝游戏,上海,20k-35k,14,3-5年
3D特效（欧美魔幻写实）,莉莉丝游戏,上海,20k-40k,16,3-5年
服务器开发工程师,莉莉丝游戏,上海,15k-30k,16,不限
3d场景模型（硬表面）,莉莉丝游戏,上海,25k-45k,16,5-10年
绑定师,莉莉丝游戏,上海,20k-40k,16,3-5年
平台用户运营,莉莉丝游戏,上海,18k-36k,16,3-5年
高级战斗策划（二次元）,莉莉丝游戏,上海,16k-32k,16,3-5年
原画类防迷路通用入口,莉莉丝游戏,上海,20k-40k,14,不限
高级3D场景美术师（欧美奇幻卡通）,莉莉丝游戏,上海,20k-40k,16,3-5年
UI类防迷路通用入口,莉莉丝游戏,上海,20k-40k,14,不限
动画特效类防迷路通用入口,莉莉丝游戏,上海,20k-30k,14,不限
3D场景美术师（机械）,莉莉丝游戏,上海,25k-40k,16,3-5年
技术美术TA（特效）,莉莉丝游戏,上海,30k-50k,16,5-10年
高级游戏后端开发工程师,莉莉丝游戏,上海,15k-25k,0,3-5年
IM/社区服务器开发工程师,莉莉丝游戏,上海,15k-25k,0,3-5年
客户端开发工程师（X）,莉莉丝游戏,上海,20k-40k,0,3-5年
系统运维工程师,莉莉丝游戏,上海,8k-16k,0,3-5年
韩国市场运营实习,莉莉丝游戏,北京,5k-6k,0,不限
高级3D角色设计师（欧美卡通）,莉莉丝游戏,上海,25k-40k,14,5-10年
服务器开发工程师（Y）,莉莉丝游戏,上海,18k-28k,14,1-3年
海外社区运营经理 - RPG,莉莉丝游戏,上海,15k-30k,14,不限
英语区内容营销经理（SLG方向）,莉莉丝游戏,上海,25k-40k,14,不限
大DAU游戏内容运营经理,莉莉丝游戏,上海,18k-28k,14,不限
印尼社区运营经理,莉莉丝游戏,上海,18k-25k,14,不限
海外社区运营经理 - SLG,莉莉丝游戏,上海,15k-30k,14,不限
高级市场与用户分析师-产品战略(卡牌）,莉莉丝游戏,上海,25k-40k,17,5-10年
高级服务器开发工程师（游戏服务器引擎）,莉莉丝游戏,上海,25k-40k,0,3-5年
音频策划（二次元方向）,莉莉丝游戏,上海,18k-36k,16,3-5年
高级3D特效师（二次元）,莉莉丝游戏,上海,25k-45k,16,5-10年
高级3D动画师（二次元）,莉莉丝游戏,上海,25k-40k,16,5-10年
发行项目管理,莉莉丝游戏,北京,15k-25k,20,3-5年
高级引擎渲染开发工程师,莉莉丝游戏,上海,20k-40k,0,3-5年
交互设计师（射击手游）,莉莉丝游戏,上海,28k-40k,16,5-10年
财务出纳,莉莉丝游戏,上海,5k-10k,0,1-3年
数值策划（射击类）,莉莉丝游戏,上海,18k-25k,0,3-5年
系统策划（SLG）,莉莉丝游戏,上海,18k-25k,0,3-5年
公共事务专员,莉莉丝游戏,上海,10k-18k,14,3-5年
高级战斗策划（SLG）,莉莉丝游戏,上海,18k-26k,16,1-3年
数据挖掘工程师（平台产品中心）,莉莉丝游戏,上海,20k-35k,16,3-5年
业务助理,莉莉丝游戏,北京,20k-30k,0,不限
高级引擎开发工程师,莉莉丝游戏,上海,25k-40k,0,5-10年
行政专员,莉莉丝游戏,上海,6k-7k,14,不限
高级UI动效师（欧美奇幻卡通）,莉莉丝游戏,上海,20k-40k,16,3-5年
高级世界观构架师（D）,莉莉丝游戏,上海,20k-35k,16,3-5年
大DAU游戏区域营销负责人,莉莉丝游戏,上海,25k-35k,14,不限
渠道运营PM,莉莉丝游戏,上海,13k-20k,14,不限
高级项目经理（A）,莉莉丝游戏,上海,20k-30k,16,5-10年
海外采购经理,莉莉丝游戏,上海,15k-28k,14,不限
国内市场品牌经理- SLG方向,莉莉丝游戏,上海,15k-30k,14,不限
本地化项目经理（英语）,莉莉丝游戏,上海,18k-35k,14,3-5年
海外营销经理 - 多语种,莉莉丝游戏,上海,20k-40k,14,3-5年
高级HRIS专员,莉莉丝游戏,上海,15k-30k,16,3-5年
海外广告投放经理（多语种）,莉莉丝游戏,上海,16k-26k,14,不限
海外广告投放经理（英语区）,莉莉丝游戏,上海,16k-26k,14,不限
国内社区运营,莉莉丝游戏,上海,16k-20k,14,不限
中国区pm,莉莉丝游戏,上海,15k-30k,14,不限
高级3D地形编辑师（欧美Q）,莉莉丝游戏,上海,25k-40k,16,不限
高级spine动画师（欧美奇幻卡通）,莉莉丝游戏,上海,20k-40k,16,不限
高级技术策划（UE4自定义模式）,莉莉丝游戏,上海,18k-35k,16,3-5年
音频策划（音乐方向）,莉莉丝游戏,上海,16k-32k,16,1-3年
美术项目经理（APM）,莉莉丝游戏,上海,14k-28k,16,1-3年
cocos游戏客户端,莉莉丝游戏,上海,15k-30k,14,1-3年
专利工程师（海外专利）,莉莉丝游戏,上海,15k-30k,16,5-10年
游戏引擎产品经理,莉莉丝游戏,上海,15k-20k,0,3-5年
服务器开发工程师（H）,莉莉丝游戏,上海,15k-30k,0,3-5年
游戏引擎产品经理,莉莉丝游戏,上海,15k-25k,16,3-5年
高级文案策划（西方魔幻）,莉莉丝游戏,上海,15k-25k,16,3-5年
海外市场经理,莉莉丝游戏,上海,18k-28k,14,3-5年
高级招聘专员,莉莉丝游戏,上海,10k-20k,14,3-5年
高级项目经理,莉莉丝游戏,上海,15k-25k,16,3-5年
技术策划（游戏编辑器）,莉莉丝游戏,上海,18k-35k,16,3-5年
财务分析专员,莉莉丝游戏,上海,15k-30k,16,不限
OA工程师,莉莉丝游戏,上海,10k-20k,0,3-5年
战斗策划实习生,莉莉丝游戏,上海,5k-6k,0,不限
高级系统策划,莉莉丝游戏,上海,20k-35k,16,3-5年
商务PM,莉莉丝游戏,上海,16k-32k,16,3-5年
系统运维工程师,莉莉丝游戏,上海,10k-20k,14,3-5年
高级平面设计师-发行美宣,莉莉丝游戏,上海,15k-30k,14,5-10年
高级用户运营（开发者社区）,莉莉丝游戏,上海,15k-25k,14,不限
Linguistic Testing Manager,莉莉丝游戏,上海,15k-30k,14,不限
二次元国内发行负责人,莉莉丝游戏,上海,25k-35k,14,不限
数据分析师,莉莉丝游戏,上海,18k-30k,16,3-5年
高级用户研究经理（卡牌）,莉莉丝游戏,上海,20k-40k,16,3-5年
平台项目经理/助理,莉莉丝游戏,上海,18k-30k,16,3-5年
项目经理（数据平台）,莉莉丝游戏,上海,15k-25k,16,1-3年
高级技术策划（UE4家园系统）,莉莉丝游戏,上海,18k-32k,16,3-5年
招聘专员,莉莉丝游戏,上海,8k-15k,16,1-3年
高级3D动画师（欧美Q版）,莉莉丝游戏,上海,25k-40k,16,5-10年
高级3D角色美术师（欧美Q版）,莉莉丝游戏,上海,20k-30k,16,3-5年
大数据开发工程师,莉莉丝游戏,上海,12k-24k,0,3-5年
二次元文案策划,莉莉丝游戏,上海,10k-20k,0,1-3年
系统策划,莉莉丝游戏,上海,10k-15k,0,1-3年
高级客户端开发工程师,莉莉丝游戏,上海,25k-40k,0,5-10年
高级测试开发工程师（压测方向）,莉莉丝游戏,上海,15k-25k,14,3-5年
项目经理（游戏研发项目）,莉莉丝游戏,上海,15k-27k,16,3-5年
招聘专家,莉莉丝游戏,上海,15k-25k,0,3-5年
资深系统策划（卡牌）,莉莉丝游戏,上海,15k-23k,14,3-5年
高级战斗策划（卡牌）,莉莉丝游戏,上海,18k-27k,16,3-5年
海外KOL经理,莉莉丝游戏,上海,15k-25k,14,3-5年
市场与用户分析师（市场研究）,莉莉丝游戏,上海,18k-25k,14,3-5年
内容运营经理,莉莉丝游戏,上海,18k-28k,14,3-5年
HRBP,莉莉丝游戏,上海,20k-40k,16,不限
资产管理员,莉莉丝游戏,上海,6k-8k,0,1-3年
场景原画实习生,莉莉丝游戏,上海,4k-6k,0,不限
客户端开发工程师（V）,莉莉丝游戏,上海,15k-30k,0,1-3年
数字广告策略产品经理,莉莉丝游戏,北京,20k-30k,0,3-5年
场景原画设计师（美漫、二次元、美卡）,莉莉丝游戏,上海,20k-40k,16,3-5年
薪酬专员（2021校招）,莉莉丝游戏,上海,7k-10k,16,不限
财务分析专员,莉莉丝游戏,上海,15k-30k,16,不限
高级文学编辑,莉莉丝游戏,上海,20k-40k,16,5-10年
财务出纳,莉莉丝游戏,上海,6k-10k,0,1-3年
财务BP,莉莉丝游戏,上海,14k-20k,16,不限
译者管理实习生,莉莉丝游戏,上海,5k-6k,0,不限
音频策划 （FPS方向）,莉莉丝游戏,上海,18k-36k,16,3-5年
高级数值策划,莉莉丝游戏,上海,18k-35k,16,3-5年
创意视频制片-国内,莉莉丝游戏,上海,20k-30k,14,3-5年
3D动画师（射击类）,莉莉丝游戏,上海,25k-45k,16,5-10年
引擎开发工程师（X）,莉莉丝游戏,上海,20k-40k,14,不限
项目经理,莉莉丝游戏,上海,12k-20k,16,1-3年
高级关卡策划（射击）,莉莉丝游戏,上海,18k-28k,16,5-10年
项目经理（Y）,莉莉丝游戏,上海,18k-27k,16,3-5年
客户端开发工程师（D）,莉莉丝游戏,上海,15k-25k,14,不限
国内创意策划实习生,莉莉丝游戏,上海,5k-6k,0,不限
服务器开发工程师,莉莉丝游戏,上海,18k-35k,14,3-5年
高级客户端开发工程师（S）,莉莉丝游戏,上海,20k-40k,14,3-5年
系统策划（射击类）,莉莉丝游戏,上海,18k-32k,16,3-5年
业务助理,莉莉丝游戏,北京,20k-30k,0,5-10年
社区产品经理（A）,莉莉丝游戏,上海,18k-25k,16,3-5年
行政前台,莉莉丝游戏,上海,6k-8k,0,1-3年
市场与用户分析师-产品用研方向,莉莉丝游戏,上海,20k-30k,0,3-5年
客户端开发工程师（W）,莉莉丝游戏,上海,15k-30k,0,3-5年
Game Localization Project Manager（Hindi）,莉莉丝游戏,上海,15k-20k,0,1-3年
系统策划,莉莉丝游戏,上海,15k-25k,0,3-5年
英语区品牌媒介经理,莉莉丝游戏,上海,15k-30k,14,不限
日韩台广告投放经理,莉莉丝游戏,上海,16k-26k,14,不限
韩语社区运营经理,莉莉丝游戏,上海,18k-25k,14,3-5年
英语区市场营销经理,莉莉丝游戏,上海,25k-40k,14,5-10年
高级技术美术师（动画）,莉莉丝游戏,上海,30k-50k,16,3-5年
行政前台,莉莉丝游戏,上海,6k-8k,14,不限
Web前端开发工程师（广告）,莉莉丝游戏,上海,18k-30k,16,3-5年
高级测试开发工程师(平台开发方向),莉莉丝游戏,上海,15k-25k,14,1-3年
IT BP,莉莉丝游戏,上海,6k-8k,16,不限
高级技术策划（载具&物品）,莉莉丝游戏,上海,18k-35k,16,3-5年
平台项目经理,莉莉丝游戏,上海,20k-35k,16,3-5年
3D动画设计师（二次元、欧美卡通）,莉莉丝游戏,上海,20k-40k,16,不限
角色原画设计师（欧美卡通、二次元、美漫）,莉莉丝游戏,上海,20k-40k,16,不限
英语区KOL营销经理,莉莉丝游戏,上海,15k-30k,14,不限
资深法务专员,莉莉丝游戏,上海,15k-25k,0,3-5年
cocos游戏客户端,盛趣游戏,上海,15k-30k,13,3-5年
u3d客户端-庆余年,盛趣游戏,上海,20k-40k,13,3-5年
C++服务器-庆余年,盛趣游戏,上海,20k-40k,13,3-5年
3D角色,盛趣游戏,上海,20k-40k,0,5-10年
C++开发,盛趣游戏,上海,18k-35k,0,不限
UE4地编,盛趣游戏,上海,20k-40k,0,3-5年
资深数值策划,盛趣游戏,上海,15k-25k,0,3-5年
资深战斗策划,盛趣游戏,上海,15k-25k,0,3-5年
交互设计专家,盛趣游戏,上海,30k-50k,0,5-10年
游戏界面设计师,盛趣游戏,上海,15k-25k,0,3-5年
3D特效,盛趣游戏,上海,15k-25k,0,不限
3d动作设计师,盛趣游戏,上海,15k-25k,0,不限
系统策划,盛趣游戏,上海,15k-25k,0,3-5年
法务主管/法务专员,盛趣游戏,上海,15k-25k,0,3-5年
游戏客服,盛趣游戏,上海,5k-10k,0,1-3年
关卡策划,盛趣游戏,上海,15k-25k,0,3-5年
游戏文案策划,盛趣游戏,上海,15k-25k,0,1-3年
运维工程师,盛趣游戏,上海,10k-20k,0,1-3年
u3d开发工程师,盛趣游戏,上海,15k-30k,0,不限
游戏运营,盛趣游戏,上海,15k-25k,0,3-5年
java开发工程师,盛趣游戏,上海,15k-30k,0,3-5年
cocos前端开发工程师,盛趣游戏,上海,15k-30k,0,3-5年
资深U3D开发工程师,盛趣游戏,上海,15k-30k,0,3-5年
web前端开发工程师,盛趣游戏,上海,15k-25k,0,3-5年
资深服务器C++,盛趣游戏,上海,15k-30k,0,不限
3D动作,盛趣游戏,上海,15k-30k,0,不限
客户端-图形渲染,盛趣游戏,上海,20k-35k,0,不限
UE4客户端开发-CQ,盛趣游戏,上海,20k-35k,0,不限
游戏特效设计师,盛趣游戏,上海,15k-30k,0,不限
3d角色,盛趣游戏,上海,15k-25k,0,不限
2d地编,盛趣游戏,上海,15k-30k,0,3-5年
3D场景-QYN,盛趣游戏,上海,10k-20k,0,不限
资深u3d开发工程师,盛趣游戏,上海,15k-30k,0,3-5年
资深数值策划,盛趣游戏,上海,16k-30k,14,3-5年
招聘专员,盛趣游戏,上海,9k-15k,0,5-10年
资深U3D客户端开发工程师,盛趣游戏,上海,20k-30k,0,3-5年
美术技术-技术中心,盛趣游戏,上海,25k-35k,0,不限
网络工程师 (MJ001764),上海米哈游,上海,12k-20k,0,3-5年
投诉专员 (MJ001889),上海米哈游,上海,8k-10k,0,不限
资质申报专员,上海米哈游,上海,10k-15k,0,1-3年
境外市场品牌,上海米哈游,上海,18k-36k,0,1-3年
图形开发工程师 (MJ001195),上海米哈游,上海,40k-80k,16,3-5年
混音师 (MJ001243),上海米哈游,上海,10k-20k,16,1-3年
任务动画配置师 (MJ000837),上海米哈游,上海,18k-22k,16,1-3年
日语社群 (MJ001160),上海米哈游,上海,15k-26k,0,不限
资深雇主品牌 (MJ001155),上海米哈游,上海,20k-30k,16,3-5年
海外人力资源专家 (MJ001180),上海米哈游,上海,20k-30k,16,1-3年
财务系统专家 (MJ001227),上海米哈游,上海,25k-35k,16,5-10年
韩语游戏运营（女性向）,上海米哈游,上海,13k-26k,0,1-3年
英语社群（女性向）,上海米哈游,上海,13k-26k,0,1-3年
客服质检 (MJ000190),上海米哈游,上海,6k-9k,0,不限
CG动画（MAYA) (MJ001074),上海米哈游,上海,15k-30k,16,3-5年
文案策划/编剧（二次元/科幻/幻想） (MJ000330),上海米哈游,上海,15k-30k,16,1-3年
国际化业务法律专家 (MJ001330),上海米哈游,上海,25k-40k,16,3-5年
VIP用户运营 (MJ000666),上海米哈游,上海,15k-30k,0,不限
UI（APP) (MJ000599),上海米哈游,上海,15k-25k,0,3-5年
TD（工具开发） (MJ000941),上海米哈游,上海,15k-25k,16,3-5年
3D动画（表演向） (MJ000943),上海米哈游,上海,20k-30k,16,3-5年
文案策划（女性向） (MJ000957),上海米哈游,上海,15k-30k,16,不限
动画特效师（影视动画） (MJ001082),上海米哈游,上海,15k-25k,16,不限
IP原画（插画&IP场景原画） (MJ000223),上海米哈游,上海,10k-20k,16,不限
内容审核 (MJ001124),上海米哈游,上海,5k-6k,0,不限
平面设计 (MJ000231),上海米哈游,上海,10k-20k,16,不限
渲染开发 (MJ000278),上海米哈游,上海,25k-50k,0,3-5年
数值策划 (MJ000310),上海米哈游,上海,20k-40k,0,不限
游戏UI专家 (MJ000343),上海米哈游,上海,20k-40k,0,不限
机械原画 (MJ000145),上海米哈游,上海,10k-20k,0,不限
角色原画 (MJ000134),上海米哈游,上海,10k-20k,0,不限
3D角色 (MJ000148),上海米哈游,上海,20k-35k,16,3-5年
社区产品运营 (MJ001515),上海米哈游,上海,15k-30k,16,不限
战斗策划-ARPG (MJ000329),上海米哈游,上海,25k-50k,0,不限
战斗策划-崩3 (MJ000030),上海米哈游,上海,25k-50k,0,不限
员工关系运营专员 (MJ001591),上海米哈游,上海,8k-15k,16,不限
薪酬专员（英语） (MJ001590),上海米哈游,上海,10k-18k,16,不限
资深HRM（新加坡） (MJ001592),上海米哈游,海外,25k-40k,16,不限
UI蓝图工程师 (MJ001560),上海米哈游,上海,15k-25k,16,1-3年
市场公关 (MJ001570),上海米哈游,上海,20k-30k,16,不限
资深政府事务专家 (MJ001614),上海米哈游,上海,20k-35k,16,5-10年
SD材质美术师 (MJ001630),上海米哈游,上海,25k-45k,16,不限
资深硬表面模型师 (MJ001555),上海米哈游,上海,25k-40k,16,3-5年
PC客户端开发 (MJ001652),上海米哈游,上海,25k-45k,16,不限
资深WEB前端开发 (MJ001627),上海米哈游,上海,40k-70k,16,不限
舆情专员 (MJ001612),上海米哈游,上海,7k-10k,0,不限
工装设计师 (MJ001712),上海米哈游,上海,12k-18k,0,1-3年
资深交互策划 (MJ001703),上海米哈游,上海,25k-50k,16,不限
任务策划-JRPG (MJ001278),上海米哈游,上海,25k-50k,16,不限
任务策划-原神 (MJ000730),上海米哈游,上海,25k-50k,16,不限
UI插画设计师 (MJ001378),上海米哈游,上海,15k-25k,16,不限
游戏美术外包商务 (MJ001431),上海米哈游,上海,10k-15k,16,不限
数据开发（ETL）,上海米哈游,上海,30k-50k,16,不限
数据开发（平台）,上海米哈游,上海,30k-50k,16,不限
数据开发（算法工程）,上海米哈游,上海,30k-50k,16,不限
资深关卡设计师/专家 (MJ001208),上海米哈游,上海,20k-40k,0,不限
面捕动画师 (MJ001214),上海米哈游,上海,15k-25k,16,3-5年
薪酬专家 (MJ001182),上海米哈游,上海,25k-35k,16,3-5年
IP周边衍生品采购 (MJ001185),上海米哈游,上海,13k-18k,16,1-3年
IT资产仓管员,上海米哈游,上海,6k-9k,16,1-3年
游戏内容营销策划 (MJ001172),上海米哈游,上海,15k-30k,0,不限
录音师 (MJ000905),上海米哈游,上海,8k-12k,16,1-3年
数据产品经理 (MJ001314),上海米哈游,上海,20k-35k,16,3-5年
测试开发工程师 (MJ001353),上海米哈游,上海,15k-30k,16,不限
游戏BI数据分析师（平台）,上海米哈游,上海,20k-40k,16,不限
IT审计 (MJ001335),上海米哈游,上海,20k-25k,16,5-10年
用户研究助理 (MJ001340),上海米哈游,上海,5k-7k,0,不限
漫画 (MJ001347),上海米哈游,上海,10k-20k,0,不限
Golang后端开发（数据） (MJ000901),上海米哈游,上海,20k-40k,16,3-5年
Golang后端开发（算法工程） (MJ000632),上海米哈游,上海,20k-40k,16,1-3年
分镜师 (MJ000351),上海米哈游,上海,10k-20k,16,不限
任务策划 (MJ000729),上海米哈游,上海,15k-30k,0,不限
数据开发 (MJ000023),上海米哈游,上海,30k-50k,16,3-5年
推荐算法开发 (MJ000909),上海米哈游,上海,20k-40k,16,3-5年
音频QA (MJ000600),上海米哈游,上海,10k-15k,16,不限
PC客户端开发 (MJ000590),上海米哈游,上海,20k-40k,16,5-10年
web前端开发工程师 (MJ000164),上海米哈游,上海,20k-40k,16,1-3年
KOL运营 (MJ000107),上海米哈游,上海,15k-25k,0,不限
引擎开发 (MJ000274),上海米哈游,上海,20k-40k,0,3-5年
客户端安全开发 (MJ000204),上海米哈游,上海,30k-50k,0,3-5年
场景原画 (MJ000124),上海米哈游,上海,12k-24k,0,不限
怪物原画 (MJ000040),上海米哈游,上海,10k-20k,0,不限
灯光师 (MJ000361),上海米哈游,上海,12k-24k,0,不限
绑定师 (MJ000357),上海米哈游,上海,10k-20k,0,不限
音效设计 (MJ000349),上海米哈游,上海,10k-20k,0,不限
关卡美术 (MJ000157),上海米哈游,上海,15k-30k,0,不限
关卡策划-JRPG (MJ000323),上海米哈游,上海,25k-50k,0,不限
关卡策划-ARPG (MJ000326),上海米哈游,上海,25k-50k,0,不限
关卡策划-崩坏3 (MJ000321),上海米哈游,上海,25k-50k,0,不限
战斗策划-开放世界射击 (MJ001177),上海米哈游,上海,25k-50k,0,不限
战斗策划-原神 (MJ000328),上海米哈游,上海,25k-50k,0,不限
交互策划（UE）-原神 (MJ000037),上海米哈游,上海,25k-50k,0,不限
战斗策划-JRPG (MJ000723),上海米哈游,上海,25k-50k,0,不限
营销策划（IP向） (MJ001727),上海米哈游,上海,16k-30k,16,不限
营销策划（女性向） (MJ001635),上海米哈游,上海,16k-25k,16,不限
衍生品项目运营（模玩类） (MJ001502),上海米哈游,上海,10k-18k,16,不限
平台测试 (MJ000028),上海米哈游,上海,15k-30k,16,1-3年
总账会计 (MJ001376),上海米哈游,上海,7k-10k,16,不限
NLP开发（图谱方向） (MJ001487),上海米哈游,上海,30k-60k,16,不限
雇主品牌运营 (MJ000111),上海米哈游,上海,10k-15k,16,1-3年
社区产品经理 (MJ001149),上海米哈游,上海,25k-35k,16,不限
SD材质美术师 (MJ001258),上海米哈游,上海,15k-25k,16,1-3年
动捕动画师 (MJ001104),上海米哈游,上海,10k-20k,16,不限
2D动画 (MJ001151),上海米哈游,上海,25k-50k,16,5-10年
政府事务专员 (MJ001130),上海米哈游,上海,10k-20k,16,1-3年
绩效发展专家 (MJ001087),上海米哈游,上海,15k-25k,16,3-5年
IT主管 (MJ000757),上海米哈游,上海,20k-25k,0,不限
构建工程师 (MJ000679),上海米哈游,上海,15k-25k,0,不限
社区数据运营 (MJ000841),上海米哈游,上海,15k-30k,0,不限
电商客服 (MJ000845),上海米哈游,上海,4k-6k,0,不限
环境运营 (MJ000250),上海米哈游,上海,10k-20k,0,不限
活动运营 (MJ000248),上海米哈游,上海,15k-30k,0,不限
资深用户研究 (MJ000085),上海米哈游,上海,15k-30k,0,不限
市场文案 (MJ000106),上海米哈游,上海,10k-20k,0,3-5年
商业化运营 (MJ000103),上海米哈游,上海,15k-25k,0,不限
境外数据分析 (MJ000102),上海米哈游,上海,15k-30k,0,不限
测试开发工程师 (MJ000212),上海米哈游,上海,20k-40k,0,不限
招聘专家 (MJ000121),上海米哈游,上海,15k-30k,16,不限
BP (MJ000138),上海米哈游,上海,15k-30k,0,1-3年
系统策划 (MJ000302),上海米哈游,上海,20k-40k,0,不限
乙女向角色原画 (MJ000142),上海米哈游,上海,10k-20k,0,不限
游戏UI (MJ000344),上海米哈游,上海,10k-20k,0,不限
3D动画 (MJ000159),上海米哈游,上海,20k-30k,16,不限
3D场景 (MJ000152),上海米哈游,上海,12k-24k,0,不限
培训运营 (MJ001504),上海米哈游,上海,10k-20k,16,不限
NLP开发（多语种） (MJ001488),上海米哈游,上海,30k-60k,16,不限
实时音视频网络开发工程师 (MJ001562),上海米哈游,上海,30k-60k,16,不限
SDL安全工程师 (MJ001580),上海米哈游,上海,20k-40k,16,3-5年
安全合规工程师 (MJ001582),上海米哈游,上海,25k-40k,16,5-10年
安全开发工程师 (MJ001583),上海米哈游,上海,20k-40k,16,3-5年
基础安全工程师 (MJ001589),上海米哈游,上海,20k-40k,16,3-5年
安全攻防工程师,上海米哈游,上海,25k-50k,16,3-5年
应用安全工程师,上海米哈游,上海,25k-50k,16,3-5年
法务（知识产权） (MJ001615),上海米哈游,上海,10k-20k,16,1-3年
法务（维权） (MJ001616),上海米哈游,上海,10k-20k,16,1-3年
资深产品经理（桌面产品） (MJ001306),上海米哈游,上海,20k-40k,16,3-5年
系统策划-未定事件簿 (MJ000840),上海米哈游,上海,25k-45k,16,不限
财务主管 (MJ001355),上海米哈游,上海,10k-20k,16,不限
Golang后端开发（运营） (MJ000634),上海米哈游,上海,20k-40k,16,3-5年
境外客服（新加坡） (MJ001640),上海米哈游,海外,15k-25k,16,不限
安全攻防工程师 (MJ001581),上海米哈游,上海,20k-35k,16,3-5年
资深行政 (MJ001454),上海米哈游,上海,10k-15k,16,不限
资深培训 (MJ001486),上海米哈游,上海,18k-30k,16,3-5年
对话表现QA (MJ001272),上海米哈游,上海,10k-15k,16,1-3年
二维动画制片,上海米哈游,上海,15k-30k,16,不限
部门助理 (MJ000636),上海米哈游,上海,7k-10k,16,不限
Golang后端开发 (MJ000648),上海米哈游,上海,20k-40k,16,1-3年
移动端开发 (MJ000652),上海米哈游,上海,20k-40k,16,3-5年
日区运营（日语N1) (MJ000687),上海米哈游,上海,10k-20k,0,不限
境外运营PM（欧美/港澳台/韩）,上海米哈游,上海,15k-25k,0,3-5年
广告投放 (MJ000693),上海米哈游,上海,13k-25k,0,不限
境外客服 (MJ000802),上海米哈游,上海,8k-15k,0,不限
境外活动运营 (MJ000815),上海米哈游,上海,10k-20k,0,1-3年
数据分析（内容策略） (MJ000...,上海米哈游,上海,15k-30k,0,3-5年
交互策划 (MJ000830),上海米哈游,上海,20k-40k,0,不限
NLP开发 (MJ000026),上海米哈游,上海,20k-40k,0,3-5年
SDK开发 (MJ000024),上海米哈游,上海,20k-40k,16,3-5年
数据运营 (MJ000133),上海米哈游,上海,15k-30k,0,不限
玩家运营 (MJ000260),上海米哈游,上海,10k-20k,0,不限
版本运营 (MJ000257),上海米哈游,上海,10k-20k,0,不限
运营综合 (MJ000254),上海米哈游,上海,20k-40k,0,不限
技术美术（美术向） (MJ000286),上海米哈游,上海,20k-40k,0,3-5年
IT支持 (MJ000122),上海米哈游,上海,8k-12k,16,不限
测试工程师 (MJ000208),上海米哈游,上海,10k-20k,0,不限
CG动画 (MJ000354),上海米哈游,上海,15k-25k,0,不限
3D特效专家 (MJ000340),上海米哈游,上海,20k-40k,0,不限
动画导演 (MJ000377),上海米哈游,上海,20k-30k,0,不限
技术音频 (MJ000054),上海米哈游,上海,15k-30k,0,不限
产品运营 (MJ000378),上海米哈游,上海,15k-30k,0,不限
交互策划（UE） (MJ000383),上海米哈游,上海,20k-40k,16,不限
技术策划 (MJ000397),上海米哈游,上海,20k-40k,0,不限
培训专家（课程开发） (MJ000244),上海米哈游,上海,20k-30k,16,3-5年
视频设计 (MJ000420),上海米哈游,上海,15k-25k,0,不限
资深测试工程师 (MJ000205),上海米哈游,上海,15k-25k,0,3-5年
VIP客服 (MJ000188),上海米哈游,上海,5k-7k,0,不限
财务BP (MJ001545),上海米哈游,上海,20k-35k,16,5-10年
市场数据分析 (MJ001270),上海米哈游,上海,18k-36k,16,不限
渠道运营 (MJ000434),上海米哈游,上海,16k-32k,16,不限
平台运营 (MJ000091),上海米哈游,上海,16k-32k,16,不限
装修PM (MJ001549),上海米哈游,上海,10k-17k,16,不限
关卡策划-原神 (MJ000322),上海米哈游,上海,25k-50k,0,不限
关卡策划-开放世界射击 (MJ000325),上海米哈游,上海,25k-50k,16,不限
网络工程师（弱电向） (MJ001539),上海米哈游,上海,10k-15k,16,不限
系统策划-策略游戏 (MJ000308),上海米哈游,上海,20k-40k,16,不限
资深产品经理（游戏研发协同工具） (MJ001650),上海米哈游,上海,25k-50k,16,不限
电商客服 (MJ001098),上海米哈游,上海,6k-7k,0,不限
营销策划（音乐传播策划方向） (MJ001623),上海米哈游,上海,15k-30k,16,不限
Java 架构师 (MJ001753),上海米哈游,上海,30k-55k,16,不限
社区视频运营 (MJ001747),上海米哈游,上海,16k-30k,16,不限
大数据测试 (MJ001642),上海米哈游,上海,20k-30k,16,3-5年
英文翻译 (MJ001780),上海米哈游,上海,15k-30k,0,1-3年
英语翻译-同声传译方向(全职/兼职） (MJ001781),上海米哈游,上海,20k-30k,0,不限
资深商务 (MJ000435),上海米哈游,上海,20k-30k,16,不限
英语翻译 (MJ001772),上海米哈游,上海,7k-10k,16,不限
电话客服 (MJ000685),上海米哈游,上海,6k-7k,0,不限
新媒体运营 (MJ001782),上海米哈游,上海,16k-25k,16,1-3年
组织发展专家 (MJ001795),上海米哈游,上海,25k-40k,0,3-5年
境外版本运营,上海米哈游,上海,18k-30k,0,1-3年
电话客服—兼职（外包） (MJ001799),上海米哈游,上海,5k-6k,0,不限
分镜头剧本作家 (MJ001800),上海米哈游,北京,15k-30k,16,3-5年
3d动作设计师,巨人网络,上海,25k-50k,14,5-10年
游戏服务器开发,游族网络,上海,18k-24k,0,3-5年
资深战斗策划,游族网络,上海,25k-40k,0,3-5年
测试主管,游族网络,上海,18k-35k,14,不限
游戏测试,游族网络,上海,8k-16k,0,1-3年
